
Collecting usage statistics. To deactivate, set browser.gatherUsageStats to false.

2026-09-06 23:56:57.806 Uvicorn server started on :::8501

  You can now view your Streamlit app in your browser.

  Local URL: http://localhost:8501
  Network URL: http://192.168.0.2:8501
  External URL: http://34.29.198.103:8501

INFO:src.nlp_pipeline:Loading dataset from: /app/data/sample_data.csv
INFO:src.nlp_pipeline:Generating embeddings for 10 texts using all-MiniLM-L6-v2...
INFO:sentence_transformers.base.model:No device provided, using cpu
INFO:httpx:HTTP Request: HEAD https://huggingface.co/sentence-transformers/all-MiniLM-L6-v2/resolve/main/modules.json "HTTP/1.1 307 Temporary Redirect"
INFO:httpx:HTTP Request: HEAD https://huggingface.co/api/resolve-cache/models/sentence-transformers/all-MiniLM-L6-v2/1110a243fdf4706b3f48f1d95db1a4f5529b4d41/modules.json?%2Fsentence-transformers%2Fall-MiniLM-L6-v2%2Fresolve%2Fmain%2Fmodules.json=&etag=%22952a9b81c0bfd99800fabf352f69c7ccd46c5e43%22 "HTTP/1.1 200 OK"
INFO:httpx:HTTP Request: HEAD https://huggingface.co/sentence-transformers/all-MiniLM-L6-v2/resolve/main/config_sentence_transformers.json "HTTP/1.1 307 Temporary Redirect"
Warning: You are sending unauthenticated requests to the HF Hub. Please set a HF_TOKEN to enable higher rate limits and faster downloads.
WARNING:huggingface_hub.utils._http:Warning: You are sending unauthenticated requests to the HF Hub. Please set a HF_TOKEN to enable higher rate limits and faster downloads.
INFO:httpx:HTTP Request: HEAD https://huggingface.co/api/resolve-cache/models/sentence-transformers/all-MiniLM-L6-v2/1110a243fdf4706b3f48f1d95db1a4f5529b4d41/config_sentence_transformers.json?%2Fsentence-transformers%2Fall-MiniLM-L6-v2%2Fresolve%2Fmain%2Fconfig_sentence_transformers.json=&etag=%22fd1b291129c607e5d49799f87cb219b27f98acdf%22 "HTTP/1.1 200 OK"
INFO:sentence_transformers.base.model:Loading SentenceTransformer model from sentence-transformers/all-MiniLM-L6-v2.
INFO:httpx:HTTP Request: HEAD https://huggingface.co/sentence-transformers/all-MiniLM-L6-v2/resolve/main/config_sentence_transformers.json "HTTP/1.1 307 Temporary Redirect"
INFO:httpx:HTTP Request: HEAD https://huggingface.co/api/resolve-cache/models/sentence-transformers/all-MiniLM-L6-v2/1110a243fdf4706b3f48f1d95db1a4f5529b4d41/config_sentence_transformers.json?%2Fsentence-transformers%2Fall-MiniLM-L6-v2%2Fresolve%2Fmain%2Fconfig_sentence_transformers.json=&etag=%22fd1b291129c607e5d49799f87cb219b27f98acdf%22 "HTTP/1.1 200 OK"
INFO:httpx:HTTP Request: HEAD https://huggingface.co/sentence-transformers/all-MiniLM-L6-v2/resolve/main/README.md "HTTP/1.1 307 Temporary Redirect"
INFO:httpx:HTTP Request: HEAD https://huggingface.co/api/resolve-cache/models/sentence-transformers/all-MiniLM-L6-v2/1110a243fdf4706b3f48f1d95db1a4f5529b4d41/README.md?%2Fsentence-transformers%2Fall-MiniLM-L6-v2%2Fresolve%2Fmain%2FREADME.md=&etag=%2244af2e3b0fa3a0b6239e48422972bf755f28fde0%22 "HTTP/1.1 200 OK"
INFO:httpx:HTTP Request: HEAD https://huggingface.co/sentence-transformers/all-MiniLM-L6-v2/resolve/main/modules.json "HTTP/1.1 307 Temporary Redirect"
INFO:httpx:HTTP Request: HEAD https://huggingface.co/api/resolve-cache/models/sentence-transformers/all-MiniLM-L6-v2/1110a243fdf4706b3f48f1d95db1a4f5529b4d41/modules.json?%2Fsentence-transformers%2Fall-MiniLM-L6-v2%2Fresolve%2Fmain%2Fmodules.json=&etag=%22952a9b81c0bfd99800fabf352f69c7ccd46c5e43%22 "HTTP/1.1 200 OK"
INFO:httpx:HTTP Request: HEAD https://huggingface.co/sentence-transformers/all-MiniLM-L6-v2/resolve/main/sentence_bert_config.json "HTTP/1.1 307 Temporary Redirect"
INFO:httpx:HTTP Request: HEAD https://huggingface.co/api/resolve-cache/models/sentence-transformers/all-MiniLM-L6-v2/1110a243fdf4706b3f48f1d95db1a4f5529b4d41/sentence_bert_config.json?%2Fsentence-transformers%2Fall-MiniLM-L6-v2%2Fresolve%2Fmain%2Fsentence_bert_config.json=&etag=%2259d594003bf59880a884c574bf88ef7555bb0202%22 "HTTP/1.1 200 OK"
INFO:httpx:HTTP Request: HEAD https://huggingface.co/sentence-transformers/all-MiniLM-L6-v2/resolve/main/adapter_config.json "HTTP/1.1 404 Not Found"
INFO:httpx:HTTP Request: HEAD https://huggingface.co/sentence-transformers/all-MiniLM-L6-v2/resolve/main/config.json "HTTP/1.1 307 Temporary Redirect"
INFO:httpx:HTTP Request: HEAD https://huggingface.co/api/resolve-cache/models/sentence-transformers/all-MiniLM-L6-v2/1110a243fdf4706b3f48f1d95db1a4f5529b4d41/config.json?%2Fsentence-transformers%2Fall-MiniLM-L6-v2%2Fresolve%2Fmain%2Fconfig.json=&etag=%2272b987fd805cfa2b58c4c8c952b274a11bfd5a00%22 "HTTP/1.1 200 OK"
Loading weights:   0%|          | 0/103 [00:00<?, ?it/s]Loading weights: 100%|██████████| 103/103 [00:00<00:00, 1713.34it/s]
INFO:httpx:HTTP Request: HEAD https://huggingface.co/sentence-transformers/all-MiniLM-L6-v2/resolve/main/processor_config.json "HTTP/1.1 404 Not Found"
INFO:httpx:HTTP Request: HEAD https://huggingface.co/sentence-transformers/all-MiniLM-L6-v2/resolve/main/preprocessor_config.json "HTTP/1.1 404 Not Found"
INFO:httpx:HTTP Request: HEAD https://huggingface.co/sentence-transformers/all-MiniLM-L6-v2/resolve/main/video_preprocessor_config.json "HTTP/1.1 404 Not Found"
INFO:httpx:HTTP Request: HEAD https://huggingface.co/sentence-transformers/all-MiniLM-L6-v2/resolve/main/preprocessor_config.json "HTTP/1.1 404 Not Found"
INFO:httpx:HTTP Request: HEAD https://huggingface.co/sentence-transformers/all-MiniLM-L6-v2/resolve/main/tokenizer_config.json "HTTP/1.1 307 Temporary Redirect"
INFO:httpx:HTTP Request: HEAD https://huggingface.co/api/resolve-cache/models/sentence-transformers/all-MiniLM-L6-v2/1110a243fdf4706b3f48f1d95db1a4f5529b4d41/tokenizer_config.json?%2Fsentence-transformers%2Fall-MiniLM-L6-v2%2Fresolve%2Fmain%2Ftokenizer_config.json=&etag=%22c79f2b6a0cea6f4b564fed1938984bace9d30ff0%22 "HTTP/1.1 200 OK"
INFO:httpx:HTTP Request: HEAD https://huggingface.co/sentence-transformers/all-MiniLM-L6-v2/resolve/main/config.json "HTTP/1.1 307 Temporary Redirect"
INFO:httpx:HTTP Request: HEAD https://huggingface.co/api/resolve-cache/models/sentence-transformers/all-MiniLM-L6-v2/1110a243fdf4706b3f48f1d95db1a4f5529b4d41/config.json?%2Fsentence-transformers%2Fall-MiniLM-L6-v2%2Fresolve%2Fmain%2Fconfig.json=&etag=%2272b987fd805cfa2b58c4c8c952b274a11bfd5a00%22 "HTTP/1.1 200 OK"
INFO:httpx:HTTP Request: HEAD https://huggingface.co/sentence-transformers/all-MiniLM-L6-v2/resolve/main/config.json "HTTP/1.1 307 Temporary Redirect"
INFO:httpx:HTTP Request: HEAD https://huggingface.co/api/resolve-cache/models/sentence-transformers/all-MiniLM-L6-v2/1110a243fdf4706b3f48f1d95db1a4f5529b4d41/config.json?%2Fsentence-transformers%2Fall-MiniLM-L6-v2%2Fresolve%2Fmain%2Fconfig.json=&etag=%2272b987fd805cfa2b58c4c8c952b274a11bfd5a00%22 "HTTP/1.1 200 OK"
INFO:httpx:HTTP Request: HEAD https://huggingface.co/sentence-transformers/all-MiniLM-L6-v2/resolve/main/tokenizer_config.json "HTTP/1.1 307 Temporary Redirect"
INFO:httpx:HTTP Request: HEAD https://huggingface.co/api/resolve-cache/models/sentence-transformers/all-MiniLM-L6-v2/1110a243fdf4706b3f48f1d95db1a4f5529b4d41/tokenizer_config.json?%2Fsentence-transformers%2Fall-MiniLM-L6-v2%2Fresolve%2Fmain%2Ftokenizer_config.json=&etag=%22c79f2b6a0cea6f4b564fed1938984bace9d30ff0%22 "HTTP/1.1 200 OK"
INFO:httpx:HTTP Request: GET https://huggingface.co/api/models/sentence-transformers/all-MiniLM-L6-v2/tree/main/additional_chat_templates?recursive=false&expand=false "HTTP/1.1 404 Not Found"
INFO:httpx:HTTP Request: GET https://huggingface.co/api/models/sentence-transformers/all-MiniLM-L6-v2/tree/main?recursive=true&expand=false "HTTP/1.1 200 OK"
INFO:httpx:HTTP Request: HEAD https://huggingface.co/sentence-transformers/all-MiniLM-L6-v2/resolve/main/1_Pooling/config.json "HTTP/1.1 307 Temporary Redirect"
INFO:httpx:HTTP Request: HEAD https://huggingface.co/api/resolve-cache/models/sentence-transformers/all-MiniLM-L6-v2/1110a243fdf4706b3f48f1d95db1a4f5529b4d41/1_Pooling%2Fconfig.json?%2Fsentence-transformers%2Fall-MiniLM-L6-v2%2Fresolve%2Fmain%2F1_Pooling%2Fconfig.json=&etag=%22d1514c3162bbe87b343f565fadc62e6c06f04f03%22 "HTTP/1.1 200 OK"
INFO:httpx:HTTP Request: HEAD https://huggingface.co/sentence-transformers/all-MiniLM-L6-v2/resolve/main/2_Normalize/config.json "HTTP/1.1 404 Not Found"
INFO:httpx:HTTP Request: GET https://huggingface.co/api/models/sentence-transformers/all-MiniLM-L6-v2 "HTTP/1.1 200 OK"
INFO:src.nlp_pipeline:Clustering 10 vectors (min_cluster_size=2)...
INFO:src.llm_labeler:Querying Ollama (llama3.2) for cluster 0 (Attempt 1)...
WARNING:src.llm_labeler:Ollama call failed or returned invalid JSON for cluster 0: HTTPConnectionPool(host='localhost', port=11434): Max retries exceeded with url: /api/generate (Caused by NewConnectionError("HTTPConnection(host='localhost', port=11434): Failed to establish a new connection: [Errno 111] Connection refused"))
INFO:src.llm_labeler:Querying Ollama (llama3.2) for cluster 0 (Attempt 2)...
WARNING:src.llm_labeler:Ollama call failed or returned invalid JSON for cluster 0: HTTPConnectionPool(host='localhost', port=11434): Max retries exceeded with url: /api/generate (Caused by NewConnectionError("HTTPConnection(host='localhost', port=11434): Failed to establish a new connection: [Errno 111] Connection refused"))
INFO:src.llm_labeler:Querying Ollama (llama3.2) for cluster 1 (Attempt 1)...
WARNING:src.llm_labeler:Ollama call failed or returned invalid JSON for cluster 1: HTTPConnectionPool(host='localhost', port=11434): Max retries exceeded with url: /api/generate (Caused by NewConnectionError("HTTPConnection(host='localhost', port=11434): Failed to establish a new connection: [Errno 111] Connection refused"))
INFO:src.llm_labeler:Querying Ollama (llama3.2) for cluster 1 (Attempt 2)...
WARNING:src.llm_labeler:Ollama call failed or returned invalid JSON for cluster 1: HTTPConnectionPool(host='localhost', port=11434): Max retries exceeded with url: /api/generate (Caused by NewConnectionError("HTTPConnection(host='localhost', port=11434): Failed to establish a new connection: [Errno 111] Connection refused"))
INFO:src.llm_labeler:Querying Ollama (llama3.2) for cluster 2 (Attempt 1)...
WARNING:src.llm_labeler:Ollama call failed or returned invalid JSON for cluster 2: HTTPConnectionPool(host='localhost', port=11434): Max retries exceeded with url: /api/generate (Caused by NewConnectionError("HTTPConnection(host='localhost', port=11434): Failed to establish a new connection: [Errno 111] Connection refused"))
INFO:src.llm_labeler:Querying Ollama (llama3.2) for cluster 2 (Attempt 2)...
WARNING:src.llm_labeler:Ollama call failed or returned invalid JSON for cluster 2: HTTPConnectionPool(host='localhost', port=11434): Max retries exceeded with url: /api/generate (Caused by NewConnectionError("HTTPConnection(host='localhost', port=11434): Failed to establish a new connection: [Errno 111] Connection refused"))
INFO:src.nlp_pipeline:Generating embeddings for 10 texts using all-MiniLM-L6-v2...
INFO:sentence_transformers.base.model:No device provided, using cpu
INFO:httpx:HTTP Request: HEAD https://huggingface.co/sentence-transformers/all-MiniLM-L6-v2/resolve/main/modules.json "HTTP/1.1 307 Temporary Redirect"
INFO:httpx:HTTP Request: HEAD https://huggingface.co/api/resolve-cache/models/sentence-transformers/all-MiniLM-L6-v2/1110a243fdf4706b3f48f1d95db1a4f5529b4d41/modules.json?%2Fsentence-transformers%2Fall-MiniLM-L6-v2%2Fresolve%2Fmain%2Fmodules.json=&etag=%22952a9b81c0bfd99800fabf352f69c7ccd46c5e43%22 "HTTP/1.1 200 OK"
INFO:httpx:HTTP Request: HEAD https://huggingface.co/sentence-transformers/all-MiniLM-L6-v2/resolve/main/config_sentence_transformers.json "HTTP/1.1 307 Temporary Redirect"
INFO:httpx:HTTP Request: HEAD https://huggingface.co/api/resolve-cache/models/sentence-transformers/all-MiniLM-L6-v2/1110a243fdf4706b3f48f1d95db1a4f5529b4d41/config_sentence_transformers.json?%2Fsentence-transformers%2Fall-MiniLM-L6-v2%2Fresolve%2Fmain%2Fconfig_sentence_transformers.json=&etag=%22fd1b291129c607e5d49799f87cb219b27f98acdf%22 "HTTP/1.1 200 OK"
INFO:sentence_transformers.base.model:Loading SentenceTransformer model from sentence-transformers/all-MiniLM-L6-v2.
INFO:httpx:HTTP Request: HEAD https://huggingface.co/sentence-transformers/all-MiniLM-L6-v2/resolve/main/config_sentence_transformers.json "HTTP/1.1 307 Temporary Redirect"
INFO:httpx:HTTP Request: HEAD https://huggingface.co/api/resolve-cache/models/sentence-transformers/all-MiniLM-L6-v2/1110a243fdf4706b3f48f1d95db1a4f5529b4d41/config_sentence_transformers.json?%2Fsentence-transformers%2Fall-MiniLM-L6-v2%2Fresolve%2Fmain%2Fconfig_sentence_transformers.json=&etag=%22fd1b291129c607e5d49799f87cb219b27f98acdf%22 "HTTP/1.1 200 OK"
INFO:httpx:HTTP Request: HEAD https://huggingface.co/sentence-transformers/all-MiniLM-L6-v2/resolve/main/README.md "HTTP/1.1 307 Temporary Redirect"
INFO:httpx:HTTP Request: HEAD https://huggingface.co/api/resolve-cache/models/sentence-transformers/all-MiniLM-L6-v2/1110a243fdf4706b3f48f1d95db1a4f5529b4d41/README.md?%2Fsentence-transformers%2Fall-MiniLM-L6-v2%2Fresolve%2Fmain%2FREADME.md=&etag=%2244af2e3b0fa3a0b6239e48422972bf755f28fde0%22 "HTTP/1.1 200 OK"
INFO:httpx:HTTP Request: HEAD https://huggingface.co/sentence-transformers/all-MiniLM-L6-v2/resolve/main/modules.json "HTTP/1.1 307 Temporary Redirect"
INFO:httpx:HTTP Request: HEAD https://huggingface.co/api/resolve-cache/models/sentence-transformers/all-MiniLM-L6-v2/1110a243fdf4706b3f48f1d95db1a4f5529b4d41/modules.json?%2Fsentence-transformers%2Fall-MiniLM-L6-v2%2Fresolve%2Fmain%2Fmodules.json=&etag=%22952a9b81c0bfd99800fabf352f69c7ccd46c5e43%22 "HTTP/1.1 200 OK"
INFO:httpx:HTTP Request: HEAD https://huggingface.co/sentence-transformers/all-MiniLM-L6-v2/resolve/main/sentence_bert_config.json "HTTP/1.1 307 Temporary Redirect"
INFO:httpx:HTTP Request: HEAD https://huggingface.co/api/resolve-cache/models/sentence-transformers/all-MiniLM-L6-v2/1110a243fdf4706b3f48f1d95db1a4f5529b4d41/sentence_bert_config.json?%2Fsentence-transformers%2Fall-MiniLM-L6-v2%2Fresolve%2Fmain%2Fsentence_bert_config.json=&etag=%2259d594003bf59880a884c574bf88ef7555bb0202%22 "HTTP/1.1 200 OK"
INFO:httpx:HTTP Request: HEAD https://huggingface.co/sentence-transformers/all-MiniLM-L6-v2/resolve/main/adapter_config.json "HTTP/1.1 404 Not Found"
INFO:httpx:HTTP Request: HEAD https://huggingface.co/sentence-transformers/all-MiniLM-L6-v2/resolve/main/config.json "HTTP/1.1 307 Temporary Redirect"
INFO:httpx:HTTP Request: HEAD https://huggingface.co/api/resolve-cache/models/sentence-transformers/all-MiniLM-L6-v2/1110a243fdf4706b3f48f1d95db1a4f5529b4d41/config.json?%2Fsentence-transformers%2Fall-MiniLM-L6-v2%2Fresolve%2Fmain%2Fconfig.json=&etag=%2272b987fd805cfa2b58c4c8c952b274a11bfd5a00%22 "HTTP/1.1 200 OK"
Loading weights:   0%|          | 0/103 [00:00<?, ?it/s]Loading weights: 100%|██████████| 103/103 [00:00<00:00, 9791.11it/s]
INFO:httpx:HTTP Request: HEAD https://huggingface.co/sentence-transformers/all-MiniLM-L6-v2/resolve/main/processor_config.json "HTTP/1.1 404 Not Found"
INFO:httpx:HTTP Request: HEAD https://huggingface.co/sentence-transformers/all-MiniLM-L6-v2/resolve/main/preprocessor_config.json "HTTP/1.1 404 Not Found"
INFO:httpx:HTTP Request: HEAD https://huggingface.co/sentence-transformers/all-MiniLM-L6-v2/resolve/main/video_preprocessor_config.json "HTTP/1.1 404 Not Found"
INFO:httpx:HTTP Request: HEAD https://huggingface.co/sentence-transformers/all-MiniLM-L6-v2/resolve/main/preprocessor_config.json "HTTP/1.1 404 Not Found"
INFO:httpx:HTTP Request: HEAD https://huggingface.co/sentence-transformers/all-MiniLM-L6-v2/resolve/main/tokenizer_config.json "HTTP/1.1 307 Temporary Redirect"
INFO:httpx:HTTP Request: HEAD https://huggingface.co/api/resolve-cache/models/sentence-transformers/all-MiniLM-L6-v2/1110a243fdf4706b3f48f1d95db1a4f5529b4d41/tokenizer_config.json?%2Fsentence-transformers%2Fall-MiniLM-L6-v2%2Fresolve%2Fmain%2Ftokenizer_config.json=&etag=%22c79f2b6a0cea6f4b564fed1938984bace9d30ff0%22 "HTTP/1.1 200 OK"
INFO:httpx:HTTP Request: HEAD https://huggingface.co/sentence-transformers/all-MiniLM-L6-v2/resolve/main/config.json "HTTP/1.1 307 Temporary Redirect"
INFO:httpx:HTTP Request: HEAD https://huggingface.co/api/resolve-cache/models/sentence-transformers/all-MiniLM-L6-v2/1110a243fdf4706b3f48f1d95db1a4f5529b4d41/config.json?%2Fsentence-transformers%2Fall-MiniLM-L6-v2%2Fresolve%2Fmain%2Fconfig.json=&etag=%2272b987fd805cfa2b58c4c8c952b274a11bfd5a00%22 "HTTP/1.1 200 OK"
INFO:httpx:HTTP Request: HEAD https://huggingface.co/sentence-transformers/all-MiniLM-L6-v2/resolve/main/config.json "HTTP/1.1 307 Temporary Redirect"
INFO:httpx:HTTP Request: HEAD https://huggingface.co/api/resolve-cache/models/sentence-transformers/all-MiniLM-L6-v2/1110a243fdf4706b3f48f1d95db1a4f5529b4d41/config.json?%2Fsentence-transformers%2Fall-MiniLM-L6-v2%2Fresolve%2Fmain%2Fconfig.json=&etag=%2272b987fd805cfa2b58c4c8c952b274a11bfd5a00%22 "HTTP/1.1 200 OK"
INFO:httpx:HTTP Request: HEAD https://huggingface.co/sentence-transformers/all-MiniLM-L6-v2/resolve/main/tokenizer_config.json "HTTP/1.1 307 Temporary Redirect"
INFO:httpx:HTTP Request: HEAD https://huggingface.co/api/resolve-cache/models/sentence-transformers/all-MiniLM-L6-v2/1110a243fdf4706b3f48f1d95db1a4f5529b4d41/tokenizer_config.json?%2Fsentence-transformers%2Fall-MiniLM-L6-v2%2Fresolve%2Fmain%2Ftokenizer_config.json=&etag=%22c79f2b6a0cea6f4b564fed1938984bace9d30ff0%22 "HTTP/1.1 200 OK"
INFO:httpx:HTTP Request: GET https://huggingface.co/api/models/sentence-transformers/all-MiniLM-L6-v2/tree/main/additional_chat_templates?recursive=false&expand=false "HTTP/1.1 404 Not Found"
INFO:httpx:HTTP Request: GET https://huggingface.co/api/models/sentence-transformers/all-MiniLM-L6-v2/tree/main?recursive=true&expand=false "HTTP/1.1 200 OK"
INFO:httpx:HTTP Request: HEAD https://huggingface.co/sentence-transformers/all-MiniLM-L6-v2/resolve/main/1_Pooling/config.json "HTTP/1.1 307 Temporary Redirect"
INFO:httpx:HTTP Request: HEAD https://huggingface.co/api/resolve-cache/models/sentence-transformers/all-MiniLM-L6-v2/1110a243fdf4706b3f48f1d95db1a4f5529b4d41/1_Pooling%2Fconfig.json?%2Fsentence-transformers%2Fall-MiniLM-L6-v2%2Fresolve%2Fmain%2F1_Pooling%2Fconfig.json=&etag=%22d1514c3162bbe87b343f565fadc62e6c06f04f03%22 "HTTP/1.1 200 OK"
INFO:httpx:HTTP Request: HEAD https://huggingface.co/sentence-transformers/all-MiniLM-L6-v2/resolve/main/2_Normalize/config.json "HTTP/1.1 404 Not Found"
INFO:httpx:HTTP Request: GET https://huggingface.co/api/models/sentence-transformers/all-MiniLM-L6-v2 "HTTP/1.1 200 OK"
2026-09-06 23:57:28.761 Please replace `use_container_width` with `width`.

`use_container_width` will be removed after 2025-12-31.

For `use_container_width=True`, use `width='stretch'`. For `use_container_width=False`, use `width='content'`.
2026-09-06 23:57:28.784 Please replace `use_container_width` with `width`.

`use_container_width` will be removed after 2025-12-31.

For `use_container_width=True`, use `width='stretch'`. For `use_container_width=False`, use `width='content'`.
2026-09-06 23:57:29.668 Examining the path of transformers.models.aria.image_processing_aria_fast raised:
Traceback (most recent call last):
  File "/home/jules/.pyenv/versions/3.12.13/lib/python3.12/site-packages/streamlit/watcher/local_sources_watcher.py", line 340, in get_module_paths
    potential_paths = extract_paths(module)
                      ^^^^^^^^^^^^^^^^^^^^^
  File "/home/jules/.pyenv/versions/3.12.13/lib/python3.12/site-packages/streamlit/watcher/local_sources_watcher.py", line 327, in <lambda>
    if hasattr(m, "__path__")
       ^^^^^^^^^^^^^^^^^^^^^^
  File "/home/jules/.pyenv/versions/3.12.13/lib/python3.12/site-packages/transformers/__init__.py", line 865, in _getattr
    return getattr(importlib.import_module(target, __name__), name)
                   ^^^^^^^^^^^^^^^^^^^^^^^^^^^^^^^^^^^^^^^^^
  File "/home/jules/.pyenv/versions/3.12.13/lib/python3.12/importlib/__init__.py", line 90, in import_module
    return _bootstrap._gcd_import(name[level:], package, level)
           ^^^^^^^^^^^^^^^^^^^^^^^^^^^^^^^^^^^^^^^^^^^^^^^^^^^^
  File "<frozen importlib._bootstrap>", line 1387, in _gcd_import
  File "<frozen importlib._bootstrap>", line 1360, in _find_and_load
  File "<frozen importlib._bootstrap>", line 1331, in _find_and_load_unlocked
  File "<frozen importlib._bootstrap>", line 935, in _load_unlocked
  File "<frozen importlib._bootstrap_external>", line 999, in exec_module
  File "<frozen importlib._bootstrap>", line 488, in _call_with_frames_removed
  File "/home/jules/.pyenv/versions/3.12.13/lib/python3.12/site-packages/transformers/models/aria/image_processing_aria.py", line 23, in <module>
    from torchvision.transforms.v2 import functional as tvF
ModuleNotFoundError: No module named 'torchvision'
2026-09-06 23:57:29.678 Examining the path of transformers.models.beit.image_processing_beit_fast raised:
Traceback (most recent call last):
  File "/home/jules/.pyenv/versions/3.12.13/lib/python3.12/site-packages/streamlit/watcher/local_sources_watcher.py", line 340, in get_module_paths
    potential_paths = extract_paths(module)
                      ^^^^^^^^^^^^^^^^^^^^^
  File "/home/jules/.pyenv/versions/3.12.13/lib/python3.12/site-packages/streamlit/watcher/local_sources_watcher.py", line 327, in <lambda>
    if hasattr(m, "__path__")
       ^^^^^^^^^^^^^^^^^^^^^^
  File "/home/jules/.pyenv/versions/3.12.13/lib/python3.12/site-packages/transformers/__init__.py", line 865, in _getattr
    return getattr(importlib.import_module(target, __name__), name)
                   ^^^^^^^^^^^^^^^^^^^^^^^^^^^^^^^^^^^^^^^^^
  File "/home/jules/.pyenv/versions/3.12.13/lib/python3.12/importlib/__init__.py", line 90, in import_module
    return _bootstrap._gcd_import(name[level:], package, level)
           ^^^^^^^^^^^^^^^^^^^^^^^^^^^^^^^^^^^^^^^^^^^^^^^^^^^^
  File "<frozen importlib._bootstrap>", line 1387, in _gcd_import
  File "<frozen importlib._bootstrap>", line 1360, in _find_and_load
  File "<frozen importlib._bootstrap>", line 1331, in _find_and_load_unlocked
  File "<frozen importlib._bootstrap>", line 935, in _load_unlocked
  File "<frozen importlib._bootstrap_external>", line 999, in exec_module
  File "<frozen importlib._bootstrap>", line 488, in _call_with_frames_removed
  File "/home/jules/.pyenv/versions/3.12.13/lib/python3.12/site-packages/transformers/models/beit/image_processing_beit.py", line 20, in <module>
    from torchvision.transforms.v2 import functional as tvF
ModuleNotFoundError: No module named 'torchvision'
2026-09-06 23:57:29.703 Examining the path of transformers.models.bridgetower.image_processing_bridgetower_fast raised:
Traceback (most recent call last):
  File "/home/jules/.pyenv/versions/3.12.13/lib/python3.12/site-packages/streamlit/watcher/local_sources_watcher.py", line 340, in get_module_paths
    potential_paths = extract_paths(module)
                      ^^^^^^^^^^^^^^^^^^^^^
  File "/home/jules/.pyenv/versions/3.12.13/lib/python3.12/site-packages/streamlit/watcher/local_sources_watcher.py", line 327, in <lambda>
    if hasattr(m, "__path__")
       ^^^^^^^^^^^^^^^^^^^^^^
  File "/home/jules/.pyenv/versions/3.12.13/lib/python3.12/site-packages/transformers/__init__.py", line 865, in _getattr
    return getattr(importlib.import_module(target, __name__), name)
                   ^^^^^^^^^^^^^^^^^^^^^^^^^^^^^^^^^^^^^^^^^
  File "/home/jules/.pyenv/versions/3.12.13/lib/python3.12/importlib/__init__.py", line 90, in import_module
    return _bootstrap._gcd_import(name[level:], package, level)
           ^^^^^^^^^^^^^^^^^^^^^^^^^^^^^^^^^^^^^^^^^^^^^^^^^^^^
  File "<frozen importlib._bootstrap>", line 1387, in _gcd_import
  File "<frozen importlib._bootstrap>", line 1360, in _find_and_load
  File "<frozen importlib._bootstrap>", line 1331, in _find_and_load_unlocked
  File "<frozen importlib._bootstrap>", line 935, in _load_unlocked
  File "<frozen importlib._bootstrap_external>", line 999, in exec_module
  File "<frozen importlib._bootstrap>", line 488, in _call_with_frames_removed
  File "/home/jules/.pyenv/versions/3.12.13/lib/python3.12/site-packages/transformers/models/bridgetower/image_processing_bridgetower.py", line 20, in <module>
    from torchvision.transforms.v2 import functional as tvF
ModuleNotFoundError: No module named 'torchvision'
2026-09-06 23:57:29.718 Examining the path of transformers.models.chmv2.image_processing_chmv2_fast raised:
Traceback (most recent call last):
  File "/home/jules/.pyenv/versions/3.12.13/lib/python3.12/site-packages/streamlit/watcher/local_sources_watcher.py", line 340, in get_module_paths
    potential_paths = extract_paths(module)
                      ^^^^^^^^^^^^^^^^^^^^^
  File "/home/jules/.pyenv/versions/3.12.13/lib/python3.12/site-packages/streamlit/watcher/local_sources_watcher.py", line 327, in <lambda>
    if hasattr(m, "__path__")
       ^^^^^^^^^^^^^^^^^^^^^^
  File "/home/jules/.pyenv/versions/3.12.13/lib/python3.12/site-packages/transformers/__init__.py", line 865, in _getattr
    return getattr(importlib.import_module(target, __name__), name)
                   ^^^^^^^^^^^^^^^^^^^^^^^^^^^^^^^^^^^^^^^^^
  File "/home/jules/.pyenv/versions/3.12.13/lib/python3.12/importlib/__init__.py", line 90, in import_module
    return _bootstrap._gcd_import(name[level:], package, level)
           ^^^^^^^^^^^^^^^^^^^^^^^^^^^^^^^^^^^^^^^^^^^^^^^^^^^^
  File "<frozen importlib._bootstrap>", line 1387, in _gcd_import
  File "<frozen importlib._bootstrap>", line 1360, in _find_and_load
  File "<frozen importlib._bootstrap>", line 1331, in _find_and_load_unlocked
  File "<frozen importlib._bootstrap>", line 935, in _load_unlocked
  File "<frozen importlib._bootstrap_external>", line 999, in exec_module
  File "<frozen importlib._bootstrap>", line 488, in _call_with_frames_removed
  File "/home/jules/.pyenv/versions/3.12.13/lib/python3.12/site-packages/transformers/models/chmv2/image_processing_chmv2.py", line 27, in <module>
    from torchvision.transforms.v2 import functional as tvF
ModuleNotFoundError: No module named 'torchvision'
2026-09-06 23:57:29.726 Examining the path of transformers.models.cohere2_vision.image_processing_cohere2_vision_fast raised:
Traceback (most recent call last):
  File "/home/jules/.pyenv/versions/3.12.13/lib/python3.12/site-packages/streamlit/watcher/local_sources_watcher.py", line 340, in get_module_paths
    potential_paths = extract_paths(module)
                      ^^^^^^^^^^^^^^^^^^^^^
  File "/home/jules/.pyenv/versions/3.12.13/lib/python3.12/site-packages/streamlit/watcher/local_sources_watcher.py", line 327, in <lambda>
    if hasattr(m, "__path__")
       ^^^^^^^^^^^^^^^^^^^^^^
  File "/home/jules/.pyenv/versions/3.12.13/lib/python3.12/site-packages/transformers/__init__.py", line 865, in _getattr
    return getattr(importlib.import_module(target, __name__), name)
                   ^^^^^^^^^^^^^^^^^^^^^^^^^^^^^^^^^^^^^^^^^
  File "/home/jules/.pyenv/versions/3.12.13/lib/python3.12/importlib/__init__.py", line 90, in import_module
    return _bootstrap._gcd_import(name[level:], package, level)
           ^^^^^^^^^^^^^^^^^^^^^^^^^^^^^^^^^^^^^^^^^^^^^^^^^^^^
  File "<frozen importlib._bootstrap>", line 1387, in _gcd_import
  File "<frozen importlib._bootstrap>", line 1360, in _find_and_load
  File "<frozen importlib._bootstrap>", line 1331, in _find_and_load_unlocked
  File "<frozen importlib._bootstrap>", line 935, in _load_unlocked
  File "<frozen importlib._bootstrap_external>", line 999, in exec_module
  File "<frozen importlib._bootstrap>", line 488, in _call_with_frames_removed
  File "/home/jules/.pyenv/versions/3.12.13/lib/python3.12/site-packages/transformers/models/cohere2_vision/image_processing_cohere2_vision.py", line 25, in <module>
    from torchvision.transforms.v2 import functional as tvF
ModuleNotFoundError: No module named 'torchvision'
2026-09-06 23:57:29.730 Examining the path of transformers.models.cohere_compass.image_processing_cohere_compass_fast raised:
Traceback (most recent call last):
  File "/home/jules/.pyenv/versions/3.12.13/lib/python3.12/site-packages/streamlit/watcher/local_sources_watcher.py", line 340, in get_module_paths
    potential_paths = extract_paths(module)
                      ^^^^^^^^^^^^^^^^^^^^^
  File "/home/jules/.pyenv/versions/3.12.13/lib/python3.12/site-packages/streamlit/watcher/local_sources_watcher.py", line 327, in <lambda>
    if hasattr(m, "__path__")
       ^^^^^^^^^^^^^^^^^^^^^^
  File "/home/jules/.pyenv/versions/3.12.13/lib/python3.12/site-packages/transformers/__init__.py", line 865, in _getattr
    return getattr(importlib.import_module(target, __name__), name)
                   ^^^^^^^^^^^^^^^^^^^^^^^^^^^^^^^^^^^^^^^^^
  File "/home/jules/.pyenv/versions/3.12.13/lib/python3.12/importlib/__init__.py", line 90, in import_module
    return _bootstrap._gcd_import(name[level:], package, level)
           ^^^^^^^^^^^^^^^^^^^^^^^^^^^^^^^^^^^^^^^^^^^^^^^^^^^^
  File "<frozen importlib._bootstrap>", line 1387, in _gcd_import
  File "<frozen importlib._bootstrap>", line 1360, in _find_and_load
  File "<frozen importlib._bootstrap>", line 1331, in _find_and_load_unlocked
  File "<frozen importlib._bootstrap>", line 935, in _load_unlocked
  File "<frozen importlib._bootstrap_external>", line 999, in exec_module
  File "<frozen importlib._bootstrap>", line 488, in _call_with_frames_removed
  File "/home/jules/.pyenv/versions/3.12.13/lib/python3.12/site-packages/transformers/models/cohere_compass/image_processing_cohere_compass.py", line 25, in <module>
    from torchvision.transforms.v2 import functional as tvF
ModuleNotFoundError: No module named 'torchvision'
2026-09-06 23:57:29.748 Examining the path of transformers.models.conditional_detr.image_processing_conditional_detr_fast raised:
Traceback (most recent call last):
  File "/home/jules/.pyenv/versions/3.12.13/lib/python3.12/site-packages/streamlit/watcher/local_sources_watcher.py", line 340, in get_module_paths
    potential_paths = extract_paths(module)
                      ^^^^^^^^^^^^^^^^^^^^^
  File "/home/jules/.pyenv/versions/3.12.13/lib/python3.12/site-packages/streamlit/watcher/local_sources_watcher.py", line 327, in <lambda>
    if hasattr(m, "__path__")
       ^^^^^^^^^^^^^^^^^^^^^^
  File "/home/jules/.pyenv/versions/3.12.13/lib/python3.12/site-packages/transformers/__init__.py", line 865, in _getattr
    return getattr(importlib.import_module(target, __name__), name)
                   ^^^^^^^^^^^^^^^^^^^^^^^^^^^^^^^^^^^^^^^^^
  File "/home/jules/.pyenv/versions/3.12.13/lib/python3.12/importlib/__init__.py", line 90, in import_module
    return _bootstrap._gcd_import(name[level:], package, level)
           ^^^^^^^^^^^^^^^^^^^^^^^^^^^^^^^^^^^^^^^^^^^^^^^^^^^^
  File "<frozen importlib._bootstrap>", line 1387, in _gcd_import
  File "<frozen importlib._bootstrap>", line 1360, in _find_and_load
  File "<frozen importlib._bootstrap>", line 1331, in _find_and_load_unlocked
  File "<frozen importlib._bootstrap>", line 935, in _load_unlocked
  File "<frozen importlib._bootstrap_external>", line 999, in exec_module
  File "<frozen importlib._bootstrap>", line 488, in _call_with_frames_removed
  File "/home/jules/.pyenv/versions/3.12.13/lib/python3.12/site-packages/transformers/models/conditional_detr/image_processing_conditional_detr.py", line 27, in <module>
    from torchvision.io import read_image
ModuleNotFoundError: No module named 'torchvision'
2026-09-06 23:57:29.759 Examining the path of transformers.models.convnext.image_processing_convnext_fast raised:
Traceback (most recent call last):
  File "/home/jules/.pyenv/versions/3.12.13/lib/python3.12/site-packages/streamlit/watcher/local_sources_watcher.py", line 340, in get_module_paths
    potential_paths = extract_paths(module)
                      ^^^^^^^^^^^^^^^^^^^^^
  File "/home/jules/.pyenv/versions/3.12.13/lib/python3.12/site-packages/streamlit/watcher/local_sources_watcher.py", line 327, in <lambda>
    if hasattr(m, "__path__")
       ^^^^^^^^^^^^^^^^^^^^^^
  File "/home/jules/.pyenv/versions/3.12.13/lib/python3.12/site-packages/transformers/__init__.py", line 865, in _getattr
    return getattr(importlib.import_module(target, __name__), name)
                   ^^^^^^^^^^^^^^^^^^^^^^^^^^^^^^^^^^^^^^^^^
  File "/home/jules/.pyenv/versions/3.12.13/lib/python3.12/importlib/__init__.py", line 90, in import_module
    return _bootstrap._gcd_import(name[level:], package, level)
           ^^^^^^^^^^^^^^^^^^^^^^^^^^^^^^^^^^^^^^^^^^^^^^^^^^^^
  File "<frozen importlib._bootstrap>", line 1387, in _gcd_import
  File "<frozen importlib._bootstrap>", line 1360, in _find_and_load
  File "<frozen importlib._bootstrap>", line 1331, in _find_and_load_unlocked
  File "<frozen importlib._bootstrap>", line 935, in _load_unlocked
  File "<frozen importlib._bootstrap_external>", line 999, in exec_module
  File "<frozen importlib._bootstrap>", line 488, in _call_with_frames_removed
  File "/home/jules/.pyenv/versions/3.12.13/lib/python3.12/site-packages/transformers/models/convnext/image_processing_convnext.py", line 17, in <module>
    from torchvision.transforms.v2 import functional as tvF
ModuleNotFoundError: No module named 'torchvision'
2026-09-06 23:57:29.764 Examining the path of transformers.models.cosmos3_edge.image_processing_cosmos3_edge_fast raised:
Traceback (most recent call last):
  File "/home/jules/.pyenv/versions/3.12.13/lib/python3.12/site-packages/streamlit/watcher/local_sources_watcher.py", line 340, in get_module_paths
    potential_paths = extract_paths(module)
                      ^^^^^^^^^^^^^^^^^^^^^
  File "/home/jules/.pyenv/versions/3.12.13/lib/python3.12/site-packages/streamlit/watcher/local_sources_watcher.py", line 327, in <lambda>
    if hasattr(m, "__path__")
       ^^^^^^^^^^^^^^^^^^^^^^
  File "/home/jules/.pyenv/versions/3.12.13/lib/python3.12/site-packages/transformers/__init__.py", line 865, in _getattr
    return getattr(importlib.import_module(target, __name__), name)
                   ^^^^^^^^^^^^^^^^^^^^^^^^^^^^^^^^^^^^^^^^^
  File "/home/jules/.pyenv/versions/3.12.13/lib/python3.12/importlib/__init__.py", line 90, in import_module
    return _bootstrap._gcd_import(name[level:], package, level)
           ^^^^^^^^^^^^^^^^^^^^^^^^^^^^^^^^^^^^^^^^^^^^^^^^^^^^
  File "<frozen importlib._bootstrap>", line 1387, in _gcd_import
  File "<frozen importlib._bootstrap>", line 1360, in _find_and_load
  File "<frozen importlib._bootstrap>", line 1331, in _find_and_load_unlocked
  File "<frozen importlib._bootstrap>", line 935, in _load_unlocked
  File "<frozen importlib._bootstrap_external>", line 999, in exec_module
  File "<frozen importlib._bootstrap>", line 488, in _call_with_frames_removed
  File "/home/jules/.pyenv/versions/3.12.13/lib/python3.12/site-packages/transformers/models/cosmos3_edge/image_processing_cosmos3_edge.py", line 23, in <module>
    from torchvision.transforms.v2 import functional as tvF
ModuleNotFoundError: No module named 'torchvision'
2026-09-06 23:57:29.780 Examining the path of transformers.models.deepseek_ocr2.image_processing_deepseek_ocr2_fast raised:
Traceback (most recent call last):
  File "/home/jules/.pyenv/versions/3.12.13/lib/python3.12/site-packages/streamlit/watcher/local_sources_watcher.py", line 340, in get_module_paths
    potential_paths = extract_paths(module)
                      ^^^^^^^^^^^^^^^^^^^^^
  File "/home/jules/.pyenv/versions/3.12.13/lib/python3.12/site-packages/streamlit/watcher/local_sources_watcher.py", line 327, in <lambda>
    if hasattr(m, "__path__")
       ^^^^^^^^^^^^^^^^^^^^^^
  File "/home/jules/.pyenv/versions/3.12.13/lib/python3.12/site-packages/transformers/__init__.py", line 865, in _getattr
    return getattr(importlib.import_module(target, __name__), name)
                   ^^^^^^^^^^^^^^^^^^^^^^^^^^^^^^^^^^^^^^^^^
  File "/home/jules/.pyenv/versions/3.12.13/lib/python3.12/importlib/__init__.py", line 90, in import_module
    return _bootstrap._gcd_import(name[level:], package, level)
           ^^^^^^^^^^^^^^^^^^^^^^^^^^^^^^^^^^^^^^^^^^^^^^^^^^^^
  File "<frozen importlib._bootstrap>", line 1387, in _gcd_import
  File "<frozen importlib._bootstrap>", line 1360, in _find_and_load
  File "<frozen importlib._bootstrap>", line 1331, in _find_and_load_unlocked
  File "<frozen importlib._bootstrap>", line 935, in _load_unlocked
  File "<frozen importlib._bootstrap_external>", line 999, in exec_module
  File "<frozen importlib._bootstrap>", line 488, in _call_with_frames_removed
  File "/home/jules/.pyenv/versions/3.12.13/lib/python3.12/site-packages/transformers/models/deepseek_ocr2/image_processing_deepseek_ocr2.py", line 24, in <module>
    from torchvision.transforms.v2 import functional as tvF
ModuleNotFoundError: No module named 'torchvision'
2026-09-06 23:57:29.790 Examining the path of transformers.models.deepseek_vl.image_processing_deepseek_vl_fast raised:
Traceback (most recent call last):
  File "/home/jules/.pyenv/versions/3.12.13/lib/python3.12/site-packages/streamlit/watcher/local_sources_watcher.py", line 340, in get_module_paths
    potential_paths = extract_paths(module)
                      ^^^^^^^^^^^^^^^^^^^^^
  File "/home/jules/.pyenv/versions/3.12.13/lib/python3.12/site-packages/streamlit/watcher/local_sources_watcher.py", line 327, in <lambda>
    if hasattr(m, "__path__")
       ^^^^^^^^^^^^^^^^^^^^^^
  File "/home/jules/.pyenv/versions/3.12.13/lib/python3.12/site-packages/transformers/__init__.py", line 865, in _getattr
    return getattr(importlib.import_module(target, __name__), name)
                   ^^^^^^^^^^^^^^^^^^^^^^^^^^^^^^^^^^^^^^^^^
  File "/home/jules/.pyenv/versions/3.12.13/lib/python3.12/importlib/__init__.py", line 90, in import_module
    return _bootstrap._gcd_import(name[level:], package, level)
           ^^^^^^^^^^^^^^^^^^^^^^^^^^^^^^^^^^^^^^^^^^^^^^^^^^^^
  File "<frozen importlib._bootstrap>", line 1387, in _gcd_import
  File "<frozen importlib._bootstrap>", line 1360, in _find_and_load
  File "<frozen importlib._bootstrap>", line 1331, in _find_and_load_unlocked
  File "<frozen importlib._bootstrap>", line 935, in _load_unlocked
  File "<frozen importlib._bootstrap_external>", line 999, in exec_module
  File "<frozen importlib._bootstrap>", line 488, in _call_with_frames_removed
  File "/home/jules/.pyenv/versions/3.12.13/lib/python3.12/site-packages/transformers/models/deepseek_vl/image_processing_deepseek_vl.py", line 23, in <module>
    import torchvision.transforms.v2.functional as tvF
ModuleNotFoundError: No module named 'torchvision'
2026-09-06 23:57:29.798 Examining the path of transformers.models.deepseek_vl_hybrid.image_processing_deepseek_vl_hybrid_fast raised:
Traceback (most recent call last):
  File "/home/jules/.pyenv/versions/3.12.13/lib/python3.12/site-packages/streamlit/watcher/local_sources_watcher.py", line 340, in get_module_paths
    potential_paths = extract_paths(module)
                      ^^^^^^^^^^^^^^^^^^^^^
  File "/home/jules/.pyenv/versions/3.12.13/lib/python3.12/site-packages/streamlit/watcher/local_sources_watcher.py", line 327, in <lambda>
    if hasattr(m, "__path__")
       ^^^^^^^^^^^^^^^^^^^^^^
  File "/home/jules/.pyenv/versions/3.12.13/lib/python3.12/site-packages/transformers/__init__.py", line 865, in _getattr
    return getattr(importlib.import_module(target, __name__), name)
                   ^^^^^^^^^^^^^^^^^^^^^^^^^^^^^^^^^^^^^^^^^
  File "/home/jules/.pyenv/versions/3.12.13/lib/python3.12/importlib/__init__.py", line 90, in import_module
    return _bootstrap._gcd_import(name[level:], package, level)
           ^^^^^^^^^^^^^^^^^^^^^^^^^^^^^^^^^^^^^^^^^^^^^^^^^^^^
  File "<frozen importlib._bootstrap>", line 1387, in _gcd_import
  File "<frozen importlib._bootstrap>", line 1360, in _find_and_load
  File "<frozen importlib._bootstrap>", line 1331, in _find_and_load_unlocked
  File "<frozen importlib._bootstrap>", line 935, in _load_unlocked
  File "<frozen importlib._bootstrap_external>", line 999, in exec_module
  File "<frozen importlib._bootstrap>", line 488, in _call_with_frames_removed
  File "/home/jules/.pyenv/versions/3.12.13/lib/python3.12/site-packages/transformers/models/deepseek_vl_hybrid/image_processing_deepseek_vl_hybrid.py", line 25, in <module>
    import torchvision.transforms.v2.functional as tvF
ModuleNotFoundError: No module named 'torchvision'
2026-09-06 23:57:29.808 Examining the path of transformers.models.deformable_detr.image_processing_deformable_detr_fast raised:
Traceback (most recent call last):
  File "/home/jules/.pyenv/versions/3.12.13/lib/python3.12/site-packages/streamlit/watcher/local_sources_watcher.py", line 340, in get_module_paths
    potential_paths = extract_paths(module)
                      ^^^^^^^^^^^^^^^^^^^^^
  File "/home/jules/.pyenv/versions/3.12.13/lib/python3.12/site-packages/streamlit/watcher/local_sources_watcher.py", line 327, in <lambda>
    if hasattr(m, "__path__")
       ^^^^^^^^^^^^^^^^^^^^^^
  File "/home/jules/.pyenv/versions/3.12.13/lib/python3.12/site-packages/transformers/__init__.py", line 865, in _getattr
    return getattr(importlib.import_module(target, __name__), name)
                   ^^^^^^^^^^^^^^^^^^^^^^^^^^^^^^^^^^^^^^^^^
  File "/home/jules/.pyenv/versions/3.12.13/lib/python3.12/importlib/__init__.py", line 90, in import_module
    return _bootstrap._gcd_import(name[level:], package, level)
           ^^^^^^^^^^^^^^^^^^^^^^^^^^^^^^^^^^^^^^^^^^^^^^^^^^^^
  File "<frozen importlib._bootstrap>", line 1387, in _gcd_import
  File "<frozen importlib._bootstrap>", line 1360, in _find_and_load
  File "<frozen importlib._bootstrap>", line 1331, in _find_and_load_unlocked
  File "<frozen importlib._bootstrap>", line 935, in _load_unlocked
  File "<frozen importlib._bootstrap_external>", line 999, in exec_module
  File "<frozen importlib._bootstrap>", line 488, in _call_with_frames_removed
  File "/home/jules/.pyenv/versions/3.12.13/lib/python3.12/site-packages/transformers/models/deformable_detr/image_processing_deformable_detr.py", line 25, in <module>
    from torchvision.io import read_image
ModuleNotFoundError: No module named 'torchvision'
2026-09-06 23:57:29.836 Examining the path of transformers.models.depth_pro.image_processing_depth_pro_fast raised:
Traceback (most recent call last):
  File "/home/jules/.pyenv/versions/3.12.13/lib/python3.12/site-packages/streamlit/watcher/local_sources_watcher.py", line 340, in get_module_paths
    potential_paths = extract_paths(module)
                      ^^^^^^^^^^^^^^^^^^^^^
  File "/home/jules/.pyenv/versions/3.12.13/lib/python3.12/site-packages/streamlit/watcher/local_sources_watcher.py", line 327, in <lambda>
    if hasattr(m, "__path__")
       ^^^^^^^^^^^^^^^^^^^^^^
  File "/home/jules/.pyenv/versions/3.12.13/lib/python3.12/site-packages/transformers/__init__.py", line 865, in _getattr
    return getattr(importlib.import_module(target, __name__), name)
                   ^^^^^^^^^^^^^^^^^^^^^^^^^^^^^^^^^^^^^^^^^
  File "/home/jules/.pyenv/versions/3.12.13/lib/python3.12/importlib/__init__.py", line 90, in import_module
    return _bootstrap._gcd_import(name[level:], package, level)
           ^^^^^^^^^^^^^^^^^^^^^^^^^^^^^^^^^^^^^^^^^^^^^^^^^^^^
  File "<frozen importlib._bootstrap>", line 1387, in _gcd_import
  File "<frozen importlib._bootstrap>", line 1360, in _find_and_load
  File "<frozen importlib._bootstrap>", line 1331, in _find_and_load_unlocked
  File "<frozen importlib._bootstrap>", line 935, in _load_unlocked
  File "<frozen importlib._bootstrap_external>", line 999, in exec_module
  File "<frozen importlib._bootstrap>", line 488, in _call_with_frames_removed
  File "/home/jules/.pyenv/versions/3.12.13/lib/python3.12/site-packages/transformers/models/depth_pro/image_processing_depth_pro.py", line 19, in <module>
    from torchvision.transforms.v2 import functional as tvF
ModuleNotFoundError: No module named 'torchvision'
2026-09-06 23:57:29.848 Examining the path of transformers.models.detr.image_processing_detr_fast raised:
Traceback (most recent call last):
  File "/home/jules/.pyenv/versions/3.12.13/lib/python3.12/site-packages/streamlit/watcher/local_sources_watcher.py", line 340, in get_module_paths
    potential_paths = extract_paths(module)
                      ^^^^^^^^^^^^^^^^^^^^^
  File "/home/jules/.pyenv/versions/3.12.13/lib/python3.12/site-packages/streamlit/watcher/local_sources_watcher.py", line 327, in <lambda>
    if hasattr(m, "__path__")
       ^^^^^^^^^^^^^^^^^^^^^^
  File "/home/jules/.pyenv/versions/3.12.13/lib/python3.12/site-packages/transformers/__init__.py", line 865, in _getattr
    return getattr(importlib.import_module(target, __name__), name)
                   ^^^^^^^^^^^^^^^^^^^^^^^^^^^^^^^^^^^^^^^^^
  File "/home/jules/.pyenv/versions/3.12.13/lib/python3.12/importlib/__init__.py", line 90, in import_module
    return _bootstrap._gcd_import(name[level:], package, level)
           ^^^^^^^^^^^^^^^^^^^^^^^^^^^^^^^^^^^^^^^^^^^^^^^^^^^^
  File "<frozen importlib._bootstrap>", line 1387, in _gcd_import
  File "<frozen importlib._bootstrap>", line 1360, in _find_and_load
  File "<frozen importlib._bootstrap>", line 1331, in _find_and_load_unlocked
  File "<frozen importlib._bootstrap>", line 935, in _load_unlocked
  File "<frozen importlib._bootstrap_external>", line 999, in exec_module
  File "<frozen importlib._bootstrap>", line 488, in _call_with_frames_removed
  File "/home/jules/.pyenv/versions/3.12.13/lib/python3.12/site-packages/transformers/models/detr/image_processing_detr.py", line 22, in <module>
    from torchvision.io import read_image
ModuleNotFoundError: No module named 'torchvision'
2026-09-06 23:57:29.876 Examining the path of transformers.models.dinov3_vit.image_processing_dinov3_vit_fast raised:
Traceback (most recent call last):
  File "/home/jules/.pyenv/versions/3.12.13/lib/python3.12/site-packages/streamlit/watcher/local_sources_watcher.py", line 340, in get_module_paths
    potential_paths = extract_paths(module)
                      ^^^^^^^^^^^^^^^^^^^^^
  File "/home/jules/.pyenv/versions/3.12.13/lib/python3.12/site-packages/streamlit/watcher/local_sources_watcher.py", line 327, in <lambda>
    if hasattr(m, "__path__")
       ^^^^^^^^^^^^^^^^^^^^^^
  File "/home/jules/.pyenv/versions/3.12.13/lib/python3.12/site-packages/transformers/__init__.py", line 865, in _getattr
    return getattr(importlib.import_module(target, __name__), name)
                   ^^^^^^^^^^^^^^^^^^^^^^^^^^^^^^^^^^^^^^^^^
  File "/home/jules/.pyenv/versions/3.12.13/lib/python3.12/importlib/__init__.py", line 90, in import_module
    return _bootstrap._gcd_import(name[level:], package, level)
           ^^^^^^^^^^^^^^^^^^^^^^^^^^^^^^^^^^^^^^^^^^^^^^^^^^^^
  File "<frozen importlib._bootstrap>", line 1387, in _gcd_import
  File "<frozen importlib._bootstrap>", line 1360, in _find_and_load
  File "<frozen importlib._bootstrap>", line 1331, in _find_and_load_unlocked
  File "<frozen importlib._bootstrap>", line 935, in _load_unlocked
  File "<frozen importlib._bootstrap_external>", line 999, in exec_module
  File "<frozen importlib._bootstrap>", line 488, in _call_with_frames_removed
  File "/home/jules/.pyenv/versions/3.12.13/lib/python3.12/site-packages/transformers/models/dinov3_vit/image_processing_dinov3_vit.py", line 17, in <module>
    from torchvision.transforms.v2 import functional as tvF
ModuleNotFoundError: No module named 'torchvision'
2026-09-06 23:57:29.885 Examining the path of transformers.models.donut.image_processing_donut_fast raised:
Traceback (most recent call last):
  File "/home/jules/.pyenv/versions/3.12.13/lib/python3.12/site-packages/streamlit/watcher/local_sources_watcher.py", line 340, in get_module_paths
    potential_paths = extract_paths(module)
                      ^^^^^^^^^^^^^^^^^^^^^
  File "/home/jules/.pyenv/versions/3.12.13/lib/python3.12/site-packages/streamlit/watcher/local_sources_watcher.py", line 327, in <lambda>
    if hasattr(m, "__path__")
       ^^^^^^^^^^^^^^^^^^^^^^
  File "/home/jules/.pyenv/versions/3.12.13/lib/python3.12/site-packages/transformers/__init__.py", line 865, in _getattr
    return getattr(importlib.import_module(target, __name__), name)
                   ^^^^^^^^^^^^^^^^^^^^^^^^^^^^^^^^^^^^^^^^^
  File "/home/jules/.pyenv/versions/3.12.13/lib/python3.12/importlib/__init__.py", line 90, in import_module
    return _bootstrap._gcd_import(name[level:], package, level)
           ^^^^^^^^^^^^^^^^^^^^^^^^^^^^^^^^^^^^^^^^^^^^^^^^^^^^
  File "<frozen importlib._bootstrap>", line 1387, in _gcd_import
  File "<frozen importlib._bootstrap>", line 1360, in _find_and_load
  File "<frozen importlib._bootstrap>", line 1331, in _find_and_load_unlocked
  File "<frozen importlib._bootstrap>", line 935, in _load_unlocked
  File "<frozen importlib._bootstrap_external>", line 999, in exec_module
  File "<frozen importlib._bootstrap>", line 488, in _call_with_frames_removed
  File "/home/jules/.pyenv/versions/3.12.13/lib/python3.12/site-packages/transformers/models/donut/image_processing_donut.py", line 17, in <module>
    from torchvision.transforms.v2 import functional as tvF
ModuleNotFoundError: No module named 'torchvision'
2026-09-06 23:57:29.909 Examining the path of transformers.models.dpt.image_processing_dpt_fast raised:
Traceback (most recent call last):
  File "/home/jules/.pyenv/versions/3.12.13/lib/python3.12/site-packages/streamlit/watcher/local_sources_watcher.py", line 340, in get_module_paths
    potential_paths = extract_paths(module)
                      ^^^^^^^^^^^^^^^^^^^^^
  File "/home/jules/.pyenv/versions/3.12.13/lib/python3.12/site-packages/streamlit/watcher/local_sources_watcher.py", line 327, in <lambda>
    if hasattr(m, "__path__")
       ^^^^^^^^^^^^^^^^^^^^^^
  File "/home/jules/.pyenv/versions/3.12.13/lib/python3.12/site-packages/transformers/__init__.py", line 865, in _getattr
    return getattr(importlib.import_module(target, __name__), name)
                   ^^^^^^^^^^^^^^^^^^^^^^^^^^^^^^^^^^^^^^^^^
  File "/home/jules/.pyenv/versions/3.12.13/lib/python3.12/importlib/__init__.py", line 90, in import_module
    return _bootstrap._gcd_import(name[level:], package, level)
           ^^^^^^^^^^^^^^^^^^^^^^^^^^^^^^^^^^^^^^^^^^^^^^^^^^^^
  File "<frozen importlib._bootstrap>", line 1387, in _gcd_import
  File "<frozen importlib._bootstrap>", line 1360, in _find_and_load
  File "<frozen importlib._bootstrap>", line 1331, in _find_and_load_unlocked
  File "<frozen importlib._bootstrap>", line 935, in _load_unlocked
  File "<frozen importlib._bootstrap_external>", line 999, in exec_module
  File "<frozen importlib._bootstrap>", line 488, in _call_with_frames_removed
  File "/home/jules/.pyenv/versions/3.12.13/lib/python3.12/site-packages/transformers/models/dpt/image_processing_dpt.py", line 28, in <module>
    from torchvision.transforms.v2 import functional as tvF
ModuleNotFoundError: No module named 'torchvision'
2026-09-06 23:57:29.986 Examining the path of transformers.models.efficientloftr.image_processing_efficientloftr_fast raised:
Traceback (most recent call last):
  File "/home/jules/.pyenv/versions/3.12.13/lib/python3.12/site-packages/streamlit/watcher/local_sources_watcher.py", line 340, in get_module_paths
    potential_paths = extract_paths(module)
                      ^^^^^^^^^^^^^^^^^^^^^
  File "/home/jules/.pyenv/versions/3.12.13/lib/python3.12/site-packages/streamlit/watcher/local_sources_watcher.py", line 327, in <lambda>
    if hasattr(m, "__path__")
       ^^^^^^^^^^^^^^^^^^^^^^
  File "/home/jules/.pyenv/versions/3.12.13/lib/python3.12/site-packages/transformers/__init__.py", line 865, in _getattr
    return getattr(importlib.import_module(target, __name__), name)
                   ^^^^^^^^^^^^^^^^^^^^^^^^^^^^^^^^^^^^^^^^^
  File "/home/jules/.pyenv/versions/3.12.13/lib/python3.12/importlib/__init__.py", line 90, in import_module
    return _bootstrap._gcd_import(name[level:], package, level)
           ^^^^^^^^^^^^^^^^^^^^^^^^^^^^^^^^^^^^^^^^^^^^^^^^^^^^
  File "<frozen importlib._bootstrap>", line 1387, in _gcd_import
  File "<frozen importlib._bootstrap>", line 1360, in _find_and_load
  File "<frozen importlib._bootstrap>", line 1331, in _find_and_load_unlocked
  File "<frozen importlib._bootstrap>", line 935, in _load_unlocked
  File "<frozen importlib._bootstrap_external>", line 999, in exec_module
  File "<frozen importlib._bootstrap>", line 488, in _call_with_frames_removed
  File "/home/jules/.pyenv/versions/3.12.13/lib/python3.12/site-packages/transformers/models/efficientloftr/image_processing_efficientloftr.py", line 10, in <module>
    from torchvision.transforms.v2 import functional as tvF
ModuleNotFoundError: No module named 'torchvision'
2026-09-06 23:57:30.009 Examining the path of transformers.models.efficientnet.image_processing_efficientnet_fast raised:
Traceback (most recent call last):
  File "/home/jules/.pyenv/versions/3.12.13/lib/python3.12/site-packages/streamlit/watcher/local_sources_watcher.py", line 340, in get_module_paths
    potential_paths = extract_paths(module)
                      ^^^^^^^^^^^^^^^^^^^^^
  File "/home/jules/.pyenv/versions/3.12.13/lib/python3.12/site-packages/streamlit/watcher/local_sources_watcher.py", line 327, in <lambda>
    if hasattr(m, "__path__")
       ^^^^^^^^^^^^^^^^^^^^^^
  File "/home/jules/.pyenv/versions/3.12.13/lib/python3.12/site-packages/transformers/__init__.py", line 865, in _getattr
    return getattr(importlib.import_module(target, __name__), name)
                   ^^^^^^^^^^^^^^^^^^^^^^^^^^^^^^^^^^^^^^^^^
  File "/home/jules/.pyenv/versions/3.12.13/lib/python3.12/importlib/__init__.py", line 90, in import_module
    return _bootstrap._gcd_import(name[level:], package, level)
           ^^^^^^^^^^^^^^^^^^^^^^^^^^^^^^^^^^^^^^^^^^^^^^^^^^^^
  File "<frozen importlib._bootstrap>", line 1387, in _gcd_import
  File "<frozen importlib._bootstrap>", line 1360, in _find_and_load
  File "<frozen importlib._bootstrap>", line 1331, in _find_and_load_unlocked
  File "<frozen importlib._bootstrap>", line 935, in _load_unlocked
  File "<frozen importlib._bootstrap_external>", line 999, in exec_module
  File "<frozen importlib._bootstrap>", line 488, in _call_with_frames_removed
  File "/home/jules/.pyenv/versions/3.12.13/lib/python3.12/site-packages/transformers/models/efficientnet/image_processing_efficientnet.py", line 20, in <module>
    from torchvision.transforms.v2 import functional as tvF
ModuleNotFoundError: No module named 'torchvision'
2026-09-06 23:57:30.017 Examining the path of transformers.models.eomt.image_processing_eomt_fast raised:
Traceback (most recent call last):
  File "/home/jules/.pyenv/versions/3.12.13/lib/python3.12/site-packages/streamlit/watcher/local_sources_watcher.py", line 340, in get_module_paths
    potential_paths = extract_paths(module)
                      ^^^^^^^^^^^^^^^^^^^^^
  File "/home/jules/.pyenv/versions/3.12.13/lib/python3.12/site-packages/streamlit/watcher/local_sources_watcher.py", line 327, in <lambda>
    if hasattr(m, "__path__")
       ^^^^^^^^^^^^^^^^^^^^^^
  File "/home/jules/.pyenv/versions/3.12.13/lib/python3.12/site-packages/transformers/__init__.py", line 865, in _getattr
    return getattr(importlib.import_module(target, __name__), name)
                   ^^^^^^^^^^^^^^^^^^^^^^^^^^^^^^^^^^^^^^^^^
  File "/home/jules/.pyenv/versions/3.12.13/lib/python3.12/importlib/__init__.py", line 90, in import_module
    return _bootstrap._gcd_import(name[level:], package, level)
           ^^^^^^^^^^^^^^^^^^^^^^^^^^^^^^^^^^^^^^^^^^^^^^^^^^^^
  File "<frozen importlib._bootstrap>", line 1387, in _gcd_import
  File "<frozen importlib._bootstrap>", line 1360, in _find_and_load
  File "<frozen importlib._bootstrap>", line 1331, in _find_and_load_unlocked
  File "<frozen importlib._bootstrap>", line 935, in _load_unlocked
  File "<frozen importlib._bootstrap_external>", line 999, in exec_module
  File "<frozen importlib._bootstrap>", line 488, in _call_with_frames_removed
  File "/home/jules/.pyenv/versions/3.12.13/lib/python3.12/site-packages/transformers/models/eomt/image_processing_eomt.py", line 20, in <module>
    from torchvision.transforms.v2 import functional as tvF
ModuleNotFoundError: No module named 'torchvision'
2026-09-06 23:57:30.032 Examining the path of transformers.models.ernie4_5_vl_moe.image_processing_ernie4_5_vl_moe_fast raised:
Traceback (most recent call last):
  File "/home/jules/.pyenv/versions/3.12.13/lib/python3.12/site-packages/streamlit/watcher/local_sources_watcher.py", line 340, in get_module_paths
    potential_paths = extract_paths(module)
                      ^^^^^^^^^^^^^^^^^^^^^
  File "/home/jules/.pyenv/versions/3.12.13/lib/python3.12/site-packages/streamlit/watcher/local_sources_watcher.py", line 327, in <lambda>
    if hasattr(m, "__path__")
       ^^^^^^^^^^^^^^^^^^^^^^
  File "/home/jules/.pyenv/versions/3.12.13/lib/python3.12/site-packages/transformers/__init__.py", line 865, in _getattr
    return getattr(importlib.import_module(target, __name__), name)
                   ^^^^^^^^^^^^^^^^^^^^^^^^^^^^^^^^^^^^^^^^^
  File "/home/jules/.pyenv/versions/3.12.13/lib/python3.12/importlib/__init__.py", line 90, in import_module
    return _bootstrap._gcd_import(name[level:], package, level)
           ^^^^^^^^^^^^^^^^^^^^^^^^^^^^^^^^^^^^^^^^^^^^^^^^^^^^
  File "<frozen importlib._bootstrap>", line 1387, in _gcd_import
  File "<frozen importlib._bootstrap>", line 1360, in _find_and_load
  File "<frozen importlib._bootstrap>", line 1331, in _find_and_load_unlocked
  File "<frozen importlib._bootstrap>", line 935, in _load_unlocked
  File "<frozen importlib._bootstrap_external>", line 999, in exec_module
  File "<frozen importlib._bootstrap>", line 488, in _call_with_frames_removed
  File "/home/jules/.pyenv/versions/3.12.13/lib/python3.12/site-packages/transformers/models/ernie4_5_vl_moe/image_processing_ernie4_5_vl_moe.py", line 24, in <module>
    from torchvision.transforms.v2 import functional as tvF
ModuleNotFoundError: No module named 'torchvision'
2026-09-06 23:57:30.053 Examining the path of transformers.models.flava.image_processing_flava_fast raised:
Traceback (most recent call last):
  File "/home/jules/.pyenv/versions/3.12.13/lib/python3.12/site-packages/streamlit/watcher/local_sources_watcher.py", line 340, in get_module_paths
    potential_paths = extract_paths(module)
                      ^^^^^^^^^^^^^^^^^^^^^
  File "/home/jules/.pyenv/versions/3.12.13/lib/python3.12/site-packages/streamlit/watcher/local_sources_watcher.py", line 327, in <lambda>
    if hasattr(m, "__path__")
       ^^^^^^^^^^^^^^^^^^^^^^
  File "/home/jules/.pyenv/versions/3.12.13/lib/python3.12/site-packages/transformers/__init__.py", line 865, in _getattr
    return getattr(importlib.import_module(target, __name__), name)
                   ^^^^^^^^^^^^^^^^^^^^^^^^^^^^^^^^^^^^^^^^^
  File "/home/jules/.pyenv/versions/3.12.13/lib/python3.12/importlib/__init__.py", line 90, in import_module
    return _bootstrap._gcd_import(name[level:], package, level)
           ^^^^^^^^^^^^^^^^^^^^^^^^^^^^^^^^^^^^^^^^^^^^^^^^^^^^
  File "<frozen importlib._bootstrap>", line 1387, in _gcd_import
  File "<frozen importlib._bootstrap>", line 1360, in _find_and_load
  File "<frozen importlib._bootstrap>", line 1331, in _find_and_load_unlocked
  File "<frozen importlib._bootstrap>", line 935, in _load_unlocked
  File "<frozen importlib._bootstrap_external>", line 999, in exec_module
  File "<frozen importlib._bootstrap>", line 488, in _call_with_frames_removed
  File "/home/jules/.pyenv/versions/3.12.13/lib/python3.12/site-packages/transformers/models/flava/image_processing_flava.py", line 23, in <module>
    from torchvision.transforms.v2 import functional as tvF
ModuleNotFoundError: No module named 'torchvision'
2026-09-06 23:57:30.076 Examining the path of transformers.models.fuyu.image_processing_fuyu_fast raised:
Traceback (most recent call last):
  File "/home/jules/.pyenv/versions/3.12.13/lib/python3.12/site-packages/streamlit/watcher/local_sources_watcher.py", line 340, in get_module_paths
    potential_paths = extract_paths(module)
                      ^^^^^^^^^^^^^^^^^^^^^
  File "/home/jules/.pyenv/versions/3.12.13/lib/python3.12/site-packages/streamlit/watcher/local_sources_watcher.py", line 327, in <lambda>
    if hasattr(m, "__path__")
       ^^^^^^^^^^^^^^^^^^^^^^
  File "/home/jules/.pyenv/versions/3.12.13/lib/python3.12/site-packages/transformers/__init__.py", line 865, in _getattr
    return getattr(importlib.import_module(target, __name__), name)
                   ^^^^^^^^^^^^^^^^^^^^^^^^^^^^^^^^^^^^^^^^^
  File "/home/jules/.pyenv/versions/3.12.13/lib/python3.12/importlib/__init__.py", line 90, in import_module
    return _bootstrap._gcd_import(name[level:], package, level)
           ^^^^^^^^^^^^^^^^^^^^^^^^^^^^^^^^^^^^^^^^^^^^^^^^^^^^
  File "<frozen importlib._bootstrap>", line 1387, in _gcd_import
  File "<frozen importlib._bootstrap>", line 1360, in _find_and_load
  File "<frozen importlib._bootstrap>", line 1331, in _find_and_load_unlocked
  File "<frozen importlib._bootstrap>", line 935, in _load_unlocked
  File "<frozen importlib._bootstrap_external>", line 999, in exec_module
  File "<frozen importlib._bootstrap>", line 488, in _call_with_frames_removed
  File "/home/jules/.pyenv/versions/3.12.13/lib/python3.12/site-packages/transformers/models/fuyu/image_processing_fuyu.py", line 19, in <module>
    from torchvision.transforms.v2 import functional as tvF
ModuleNotFoundError: No module named 'torchvision'
2026-09-06 23:57:30.082 Examining the path of transformers.models.gemma3.image_processing_gemma3_fast raised:
Traceback (most recent call last):
  File "/home/jules/.pyenv/versions/3.12.13/lib/python3.12/site-packages/streamlit/watcher/local_sources_watcher.py", line 340, in get_module_paths
    potential_paths = extract_paths(module)
                      ^^^^^^^^^^^^^^^^^^^^^
  File "/home/jules/.pyenv/versions/3.12.13/lib/python3.12/site-packages/streamlit/watcher/local_sources_watcher.py", line 327, in <lambda>
    if hasattr(m, "__path__")
       ^^^^^^^^^^^^^^^^^^^^^^
  File "/home/jules/.pyenv/versions/3.12.13/lib/python3.12/site-packages/transformers/__init__.py", line 865, in _getattr
    return getattr(importlib.import_module(target, __name__), name)
                   ^^^^^^^^^^^^^^^^^^^^^^^^^^^^^^^^^^^^^^^^^
  File "/home/jules/.pyenv/versions/3.12.13/lib/python3.12/importlib/__init__.py", line 90, in import_module
    return _bootstrap._gcd_import(name[level:], package, level)
           ^^^^^^^^^^^^^^^^^^^^^^^^^^^^^^^^^^^^^^^^^^^^^^^^^^^^
  File "<frozen importlib._bootstrap>", line 1387, in _gcd_import
  File "<frozen importlib._bootstrap>", line 1360, in _find_and_load
  File "<frozen importlib._bootstrap>", line 1331, in _find_and_load_unlocked
  File "<frozen importlib._bootstrap>", line 935, in _load_unlocked
  File "<frozen importlib._bootstrap_external>", line 999, in exec_module
  File "<frozen importlib._bootstrap>", line 488, in _call_with_frames_removed
  File "/home/jules/.pyenv/versions/3.12.13/lib/python3.12/site-packages/transformers/models/gemma3/image_processing_gemma3.py", line 20, in <module>
    from torchvision.transforms.v2 import functional as tvF
ModuleNotFoundError: No module named 'torchvision'
2026-09-06 23:57:30.096 Examining the path of transformers.models.gemma4.image_processing_gemma4_fast raised:
Traceback (most recent call last):
  File "/home/jules/.pyenv/versions/3.12.13/lib/python3.12/site-packages/streamlit/watcher/local_sources_watcher.py", line 340, in get_module_paths
    potential_paths = extract_paths(module)
                      ^^^^^^^^^^^^^^^^^^^^^
  File "/home/jules/.pyenv/versions/3.12.13/lib/python3.12/site-packages/streamlit/watcher/local_sources_watcher.py", line 327, in <lambda>
    if hasattr(m, "__path__")
       ^^^^^^^^^^^^^^^^^^^^^^
  File "/home/jules/.pyenv/versions/3.12.13/lib/python3.12/site-packages/transformers/__init__.py", line 865, in _getattr
    return getattr(importlib.import_module(target, __name__), name)
                   ^^^^^^^^^^^^^^^^^^^^^^^^^^^^^^^^^^^^^^^^^
  File "/home/jules/.pyenv/versions/3.12.13/lib/python3.12/importlib/__init__.py", line 90, in import_module
    return _bootstrap._gcd_import(name[level:], package, level)
           ^^^^^^^^^^^^^^^^^^^^^^^^^^^^^^^^^^^^^^^^^^^^^^^^^^^^
  File "<frozen importlib._bootstrap>", line 1387, in _gcd_import
  File "<frozen importlib._bootstrap>", line 1360, in _find_and_load
  File "<frozen importlib._bootstrap>", line 1331, in _find_and_load_unlocked
  File "<frozen importlib._bootstrap>", line 935, in _load_unlocked
  File "<frozen importlib._bootstrap_external>", line 999, in exec_module
  File "<frozen importlib._bootstrap>", line 488, in _call_with_frames_removed
  File "/home/jules/.pyenv/versions/3.12.13/lib/python3.12/site-packages/transformers/models/gemma4/image_processing_gemma4.py", line 17, in <module>
    from torchvision.transforms.v2 import functional as tvF
ModuleNotFoundError: No module named 'torchvision'
2026-09-06 23:57:30.130 Examining the path of transformers.models.gemma4_unified.image_processing_gemma4_unified_fast raised:
Traceback (most recent call last):
  File "/home/jules/.pyenv/versions/3.12.13/lib/python3.12/site-packages/streamlit/watcher/local_sources_watcher.py", line 340, in get_module_paths
    potential_paths = extract_paths(module)
                      ^^^^^^^^^^^^^^^^^^^^^
  File "/home/jules/.pyenv/versions/3.12.13/lib/python3.12/site-packages/streamlit/watcher/local_sources_watcher.py", line 327, in <lambda>
    if hasattr(m, "__path__")
       ^^^^^^^^^^^^^^^^^^^^^^
  File "/home/jules/.pyenv/versions/3.12.13/lib/python3.12/site-packages/transformers/__init__.py", line 865, in _getattr
    return getattr(importlib.import_module(target, __name__), name)
                   ^^^^^^^^^^^^^^^^^^^^^^^^^^^^^^^^^^^^^^^^^
  File "/home/jules/.pyenv/versions/3.12.13/lib/python3.12/importlib/__init__.py", line 90, in import_module
    return _bootstrap._gcd_import(name[level:], package, level)
           ^^^^^^^^^^^^^^^^^^^^^^^^^^^^^^^^^^^^^^^^^^^^^^^^^^^^
  File "<frozen importlib._bootstrap>", line 1387, in _gcd_import
  File "<frozen importlib._bootstrap>", line 1360, in _find_and_load
  File "<frozen importlib._bootstrap>", line 1331, in _find_and_load_unlocked
  File "<frozen importlib._bootstrap>", line 935, in _load_unlocked
  File "<frozen importlib._bootstrap_external>", line 999, in exec_module
  File "<frozen importlib._bootstrap>", line 488, in _call_with_frames_removed
  File "/home/jules/.pyenv/versions/3.12.13/lib/python3.12/site-packages/transformers/models/gemma4_unified/image_processing_gemma4_unified.py", line 23, in <module>
    from torchvision.transforms.v2 import functional as tvF
ModuleNotFoundError: No module named 'torchvision'
2026-09-06 23:57:30.134 Examining the path of transformers.models.glm46v.image_processing_glm46v_fast raised:
Traceback (most recent call last):
  File "/home/jules/.pyenv/versions/3.12.13/lib/python3.12/site-packages/streamlit/watcher/local_sources_watcher.py", line 340, in get_module_paths
    potential_paths = extract_paths(module)
                      ^^^^^^^^^^^^^^^^^^^^^
  File "/home/jules/.pyenv/versions/3.12.13/lib/python3.12/site-packages/streamlit/watcher/local_sources_watcher.py", line 327, in <lambda>
    if hasattr(m, "__path__")
       ^^^^^^^^^^^^^^^^^^^^^^
  File "/home/jules/.pyenv/versions/3.12.13/lib/python3.12/site-packages/transformers/__init__.py", line 865, in _getattr
    return getattr(importlib.import_module(target, __name__), name)
                   ^^^^^^^^^^^^^^^^^^^^^^^^^^^^^^^^^^^^^^^^^
  File "/home/jules/.pyenv/versions/3.12.13/lib/python3.12/importlib/__init__.py", line 90, in import_module
    return _bootstrap._gcd_import(name[level:], package, level)
           ^^^^^^^^^^^^^^^^^^^^^^^^^^^^^^^^^^^^^^^^^^^^^^^^^^^^
  File "<frozen importlib._bootstrap>", line 1387, in _gcd_import
  File "<frozen importlib._bootstrap>", line 1360, in _find_and_load
  File "<frozen importlib._bootstrap>", line 1331, in _find_and_load_unlocked
  File "<frozen importlib._bootstrap>", line 935, in _load_unlocked
  File "<frozen importlib._bootstrap_external>", line 999, in exec_module
  File "<frozen importlib._bootstrap>", line 488, in _call_with_frames_removed
  File "/home/jules/.pyenv/versions/3.12.13/lib/python3.12/site-packages/transformers/models/glm46v/image_processing_glm46v.py", line 25, in <module>
    from torchvision.transforms.v2 import functional as tvF
ModuleNotFoundError: No module named 'torchvision'
2026-09-06 23:57:30.146 Examining the path of transformers.models.glm4v.image_processing_glm4v_fast raised:
Traceback (most recent call last):
  File "/home/jules/.pyenv/versions/3.12.13/lib/python3.12/site-packages/streamlit/watcher/local_sources_watcher.py", line 340, in get_module_paths
    potential_paths = extract_paths(module)
                      ^^^^^^^^^^^^^^^^^^^^^
  File "/home/jules/.pyenv/versions/3.12.13/lib/python3.12/site-packages/streamlit/watcher/local_sources_watcher.py", line 327, in <lambda>
    if hasattr(m, "__path__")
       ^^^^^^^^^^^^^^^^^^^^^^
  File "/home/jules/.pyenv/versions/3.12.13/lib/python3.12/site-packages/transformers/__init__.py", line 865, in _getattr
    return getattr(importlib.import_module(target, __name__), name)
                   ^^^^^^^^^^^^^^^^^^^^^^^^^^^^^^^^^^^^^^^^^
  File "/home/jules/.pyenv/versions/3.12.13/lib/python3.12/importlib/__init__.py", line 90, in import_module
    return _bootstrap._gcd_import(name[level:], package, level)
           ^^^^^^^^^^^^^^^^^^^^^^^^^^^^^^^^^^^^^^^^^^^^^^^^^^^^
  File "<frozen importlib._bootstrap>", line 1387, in _gcd_import
  File "<frozen importlib._bootstrap>", line 1360, in _find_and_load
  File "<frozen importlib._bootstrap>", line 1331, in _find_and_load_unlocked
  File "<frozen importlib._bootstrap>", line 935, in _load_unlocked
  File "<frozen importlib._bootstrap_external>", line 999, in exec_module
  File "<frozen importlib._bootstrap>", line 488, in _call_with_frames_removed
  File "/home/jules/.pyenv/versions/3.12.13/lib/python3.12/site-packages/transformers/models/glm4v/image_processing_glm4v.py", line 19, in <module>
    from torchvision.transforms.v2 import functional as tvF
ModuleNotFoundError: No module named 'torchvision'
2026-09-06 23:57:30.163 Examining the path of transformers.models.glm5_next.image_processing_glm5_next_fast raised:
Traceback (most recent call last):
  File "/home/jules/.pyenv/versions/3.12.13/lib/python3.12/site-packages/streamlit/watcher/local_sources_watcher.py", line 340, in get_module_paths
    potential_paths = extract_paths(module)
                      ^^^^^^^^^^^^^^^^^^^^^
  File "/home/jules/.pyenv/versions/3.12.13/lib/python3.12/site-packages/streamlit/watcher/local_sources_watcher.py", line 327, in <lambda>
    if hasattr(m, "__path__")
       ^^^^^^^^^^^^^^^^^^^^^^
  File "/home/jules/.pyenv/versions/3.12.13/lib/python3.12/site-packages/transformers/__init__.py", line 865, in _getattr
    return getattr(importlib.import_module(target, __name__), name)
                   ^^^^^^^^^^^^^^^^^^^^^^^^^^^^^^^^^^^^^^^^^
  File "/home/jules/.pyenv/versions/3.12.13/lib/python3.12/importlib/__init__.py", line 90, in import_module
    return _bootstrap._gcd_import(name[level:], package, level)
           ^^^^^^^^^^^^^^^^^^^^^^^^^^^^^^^^^^^^^^^^^^^^^^^^^^^^
  File "<frozen importlib._bootstrap>", line 1387, in _gcd_import
  File "<frozen importlib._bootstrap>", line 1360, in _find_and_load
  File "<frozen importlib._bootstrap>", line 1331, in _find_and_load_unlocked
  File "<frozen importlib._bootstrap>", line 935, in _load_unlocked
  File "<frozen importlib._bootstrap_external>", line 999, in exec_module
  File "<frozen importlib._bootstrap>", line 488, in _call_with_frames_removed
  File "/home/jules/.pyenv/versions/3.12.13/lib/python3.12/site-packages/transformers/models/glm5_next/image_processing_glm5_next.py", line 24, in <module>
    from torchvision.transforms.v2 import functional as tvF
ModuleNotFoundError: No module named 'torchvision'
2026-09-06 23:57:30.183 Examining the path of transformers.models.glm_image.image_processing_glm_image_fast raised:
Traceback (most recent call last):
  File "/home/jules/.pyenv/versions/3.12.13/lib/python3.12/site-packages/streamlit/watcher/local_sources_watcher.py", line 340, in get_module_paths
    potential_paths = extract_paths(module)
                      ^^^^^^^^^^^^^^^^^^^^^
  File "/home/jules/.pyenv/versions/3.12.13/lib/python3.12/site-packages/streamlit/watcher/local_sources_watcher.py", line 327, in <lambda>
    if hasattr(m, "__path__")
       ^^^^^^^^^^^^^^^^^^^^^^
  File "/home/jules/.pyenv/versions/3.12.13/lib/python3.12/site-packages/transformers/__init__.py", line 865, in _getattr
    return getattr(importlib.import_module(target, __name__), name)
                   ^^^^^^^^^^^^^^^^^^^^^^^^^^^^^^^^^^^^^^^^^
  File "/home/jules/.pyenv/versions/3.12.13/lib/python3.12/importlib/__init__.py", line 90, in import_module
    return _bootstrap._gcd_import(name[level:], package, level)
           ^^^^^^^^^^^^^^^^^^^^^^^^^^^^^^^^^^^^^^^^^^^^^^^^^^^^
  File "<frozen importlib._bootstrap>", line 1387, in _gcd_import
  File "<frozen importlib._bootstrap>", line 1360, in _find_and_load
  File "<frozen importlib._bootstrap>", line 1331, in _find_and_load_unlocked
  File "<frozen importlib._bootstrap>", line 935, in _load_unlocked
  File "<frozen importlib._bootstrap_external>", line 999, in exec_module
  File "<frozen importlib._bootstrap>", line 488, in _call_with_frames_removed
  File "/home/jules/.pyenv/versions/3.12.13/lib/python3.12/site-packages/transformers/models/glm_image/image_processing_glm_image.py", line 25, in <module>
    from torchvision.transforms.v2 import functional as tvF
ModuleNotFoundError: No module named 'torchvision'
2026-09-06 23:57:30.205 Examining the path of transformers.models.glmga.image_processing_glmga_fast raised:
Traceback (most recent call last):
  File "/home/jules/.pyenv/versions/3.12.13/lib/python3.12/site-packages/streamlit/watcher/local_sources_watcher.py", line 340, in get_module_paths
    potential_paths = extract_paths(module)
                      ^^^^^^^^^^^^^^^^^^^^^
  File "/home/jules/.pyenv/versions/3.12.13/lib/python3.12/site-packages/streamlit/watcher/local_sources_watcher.py", line 327, in <lambda>
    if hasattr(m, "__path__")
       ^^^^^^^^^^^^^^^^^^^^^^
  File "/home/jules/.pyenv/versions/3.12.13/lib/python3.12/site-packages/transformers/__init__.py", line 865, in _getattr
    return getattr(importlib.import_module(target, __name__), name)
                   ^^^^^^^^^^^^^^^^^^^^^^^^^^^^^^^^^^^^^^^^^
  File "/home/jules/.pyenv/versions/3.12.13/lib/python3.12/importlib/__init__.py", line 90, in import_module
    return _bootstrap._gcd_import(name[level:], package, level)
           ^^^^^^^^^^^^^^^^^^^^^^^^^^^^^^^^^^^^^^^^^^^^^^^^^^^^
  File "<frozen importlib._bootstrap>", line 1387, in _gcd_import
  File "<frozen importlib._bootstrap>", line 1360, in _find_and_load
  File "<frozen importlib._bootstrap>", line 1331, in _find_and_load_unlocked
  File "<frozen importlib._bootstrap>", line 935, in _load_unlocked
  File "<frozen importlib._bootstrap_external>", line 999, in exec_module
  File "<frozen importlib._bootstrap>", line 488, in _call_with_frames_removed
  File "/home/jules/.pyenv/versions/3.12.13/lib/python3.12/site-packages/transformers/models/glmga/image_processing_glmga.py", line 24, in <module>
    from torchvision.transforms.v2 import functional as tvF
ModuleNotFoundError: No module named 'torchvision'
2026-09-06 23:57:30.222 Examining the path of transformers.models.glpn.image_processing_glpn_fast raised:
Traceback (most recent call last):
  File "/home/jules/.pyenv/versions/3.12.13/lib/python3.12/site-packages/streamlit/watcher/local_sources_watcher.py", line 340, in get_module_paths
    potential_paths = extract_paths(module)
                      ^^^^^^^^^^^^^^^^^^^^^
  File "/home/jules/.pyenv/versions/3.12.13/lib/python3.12/site-packages/streamlit/watcher/local_sources_watcher.py", line 327, in <lambda>
    if hasattr(m, "__path__")
       ^^^^^^^^^^^^^^^^^^^^^^
  File "/home/jules/.pyenv/versions/3.12.13/lib/python3.12/site-packages/transformers/__init__.py", line 865, in _getattr
    return getattr(importlib.import_module(target, __name__), name)
                   ^^^^^^^^^^^^^^^^^^^^^^^^^^^^^^^^^^^^^^^^^
  File "/home/jules/.pyenv/versions/3.12.13/lib/python3.12/importlib/__init__.py", line 90, in import_module
    return _bootstrap._gcd_import(name[level:], package, level)
           ^^^^^^^^^^^^^^^^^^^^^^^^^^^^^^^^^^^^^^^^^^^^^^^^^^^^
  File "<frozen importlib._bootstrap>", line 1387, in _gcd_import
  File "<frozen importlib._bootstrap>", line 1360, in _find_and_load
  File "<frozen importlib._bootstrap>", line 1331, in _find_and_load_unlocked
  File "<frozen importlib._bootstrap>", line 935, in _load_unlocked
  File "<frozen importlib._bootstrap_external>", line 999, in exec_module
  File "<frozen importlib._bootstrap>", line 488, in _call_with_frames_removed
  File "/home/jules/.pyenv/versions/3.12.13/lib/python3.12/site-packages/transformers/models/glpn/image_processing_glpn.py", line 34, in <module>
    from torchvision.transforms.v2 import functional as tvF
ModuleNotFoundError: No module named 'torchvision'
2026-09-06 23:57:30.233 Examining the path of transformers.models.got_ocr2.image_processing_got_ocr2_fast raised:
Traceback (most recent call last):
  File "/home/jules/.pyenv/versions/3.12.13/lib/python3.12/site-packages/streamlit/watcher/local_sources_watcher.py", line 340, in get_module_paths
    potential_paths = extract_paths(module)
                      ^^^^^^^^^^^^^^^^^^^^^
  File "/home/jules/.pyenv/versions/3.12.13/lib/python3.12/site-packages/streamlit/watcher/local_sources_watcher.py", line 327, in <lambda>
    if hasattr(m, "__path__")
       ^^^^^^^^^^^^^^^^^^^^^^
  File "/home/jules/.pyenv/versions/3.12.13/lib/python3.12/site-packages/transformers/__init__.py", line 865, in _getattr
    return getattr(importlib.import_module(target, __name__), name)
                   ^^^^^^^^^^^^^^^^^^^^^^^^^^^^^^^^^^^^^^^^^
  File "/home/jules/.pyenv/versions/3.12.13/lib/python3.12/importlib/__init__.py", line 90, in import_module
    return _bootstrap._gcd_import(name[level:], package, level)
           ^^^^^^^^^^^^^^^^^^^^^^^^^^^^^^^^^^^^^^^^^^^^^^^^^^^^
  File "<frozen importlib._bootstrap>", line 1387, in _gcd_import
  File "<frozen importlib._bootstrap>", line 1360, in _find_and_load
  File "<frozen importlib._bootstrap>", line 1331, in _find_and_load_unlocked
  File "<frozen importlib._bootstrap>", line 935, in _load_unlocked
  File "<frozen importlib._bootstrap_external>", line 999, in exec_module
  File "<frozen importlib._bootstrap>", line 488, in _call_with_frames_removed
  File "/home/jules/.pyenv/versions/3.12.13/lib/python3.12/site-packages/transformers/models/got_ocr2/image_processing_got_ocr2.py", line 19, in <module>
    from torchvision.transforms.v2 import functional as tvF
ModuleNotFoundError: No module named 'torchvision'
2026-09-06 23:57:30.248 Examining the path of transformers.models.grounding_dino.image_processing_grounding_dino_fast raised:
Traceback (most recent call last):
  File "/home/jules/.pyenv/versions/3.12.13/lib/python3.12/site-packages/streamlit/watcher/local_sources_watcher.py", line 340, in get_module_paths
    potential_paths = extract_paths(module)
                      ^^^^^^^^^^^^^^^^^^^^^
  File "/home/jules/.pyenv/versions/3.12.13/lib/python3.12/site-packages/streamlit/watcher/local_sources_watcher.py", line 327, in <lambda>
    if hasattr(m, "__path__")
       ^^^^^^^^^^^^^^^^^^^^^^
  File "/home/jules/.pyenv/versions/3.12.13/lib/python3.12/site-packages/transformers/__init__.py", line 865, in _getattr
    return getattr(importlib.import_module(target, __name__), name)
                   ^^^^^^^^^^^^^^^^^^^^^^^^^^^^^^^^^^^^^^^^^
  File "/home/jules/.pyenv/versions/3.12.13/lib/python3.12/importlib/__init__.py", line 90, in import_module
    return _bootstrap._gcd_import(name[level:], package, level)
           ^^^^^^^^^^^^^^^^^^^^^^^^^^^^^^^^^^^^^^^^^^^^^^^^^^^^
  File "<frozen importlib._bootstrap>", line 1387, in _gcd_import
  File "<frozen importlib._bootstrap>", line 1360, in _find_and_load
  File "<frozen importlib._bootstrap>", line 1331, in _find_and_load_unlocked
  File "<frozen importlib._bootstrap>", line 935, in _load_unlocked
  File "<frozen importlib._bootstrap_external>", line 999, in exec_module
  File "<frozen importlib._bootstrap>", line 488, in _call_with_frames_removed
  File "/home/jules/.pyenv/versions/3.12.13/lib/python3.12/site-packages/transformers/models/grounding_dino/image_processing_grounding_dino.py", line 30, in <module>
    from torchvision.io import read_image
ModuleNotFoundError: No module named 'torchvision'
2026-09-06 23:57:30.279 Examining the path of transformers.models.hunyuan_vl.image_processing_hunyuan_vl_fast raised:
Traceback (most recent call last):
  File "/home/jules/.pyenv/versions/3.12.13/lib/python3.12/site-packages/streamlit/watcher/local_sources_watcher.py", line 340, in get_module_paths
    potential_paths = extract_paths(module)
                      ^^^^^^^^^^^^^^^^^^^^^
  File "/home/jules/.pyenv/versions/3.12.13/lib/python3.12/site-packages/streamlit/watcher/local_sources_watcher.py", line 327, in <lambda>
    if hasattr(m, "__path__")
       ^^^^^^^^^^^^^^^^^^^^^^
  File "/home/jules/.pyenv/versions/3.12.13/lib/python3.12/site-packages/transformers/__init__.py", line 865, in _getattr
    return getattr(importlib.import_module(target, __name__), name)
                   ^^^^^^^^^^^^^^^^^^^^^^^^^^^^^^^^^^^^^^^^^
  File "/home/jules/.pyenv/versions/3.12.13/lib/python3.12/importlib/__init__.py", line 90, in import_module
    return _bootstrap._gcd_import(name[level:], package, level)
           ^^^^^^^^^^^^^^^^^^^^^^^^^^^^^^^^^^^^^^^^^^^^^^^^^^^^
  File "<frozen importlib._bootstrap>", line 1387, in _gcd_import
  File "<frozen importlib._bootstrap>", line 1360, in _find_and_load
  File "<frozen importlib._bootstrap>", line 1331, in _find_and_load_unlocked
  File "<frozen importlib._bootstrap>", line 935, in _load_unlocked
  File "<frozen importlib._bootstrap_external>", line 999, in exec_module
  File "<frozen importlib._bootstrap>", line 488, in _call_with_frames_removed
  File "/home/jules/.pyenv/versions/3.12.13/lib/python3.12/site-packages/transformers/models/hunyuan_vl/image_processing_hunyuan_vl.py", line 25, in <module>
    from torchvision.transforms.v2 import functional as tvF
ModuleNotFoundError: No module named 'torchvision'
2026-09-06 23:57:30.379 Examining the path of transformers.models.idefics2.image_processing_idefics2_fast raised:
Traceback (most recent call last):
  File "/home/jules/.pyenv/versions/3.12.13/lib/python3.12/site-packages/streamlit/watcher/local_sources_watcher.py", line 340, in get_module_paths
    potential_paths = extract_paths(module)
                      ^^^^^^^^^^^^^^^^^^^^^
  File "/home/jules/.pyenv/versions/3.12.13/lib/python3.12/site-packages/streamlit/watcher/local_sources_watcher.py", line 327, in <lambda>
    if hasattr(m, "__path__")
       ^^^^^^^^^^^^^^^^^^^^^^
  File "/home/jules/.pyenv/versions/3.12.13/lib/python3.12/site-packages/transformers/__init__.py", line 865, in _getattr
    return getattr(importlib.import_module(target, __name__), name)
                   ^^^^^^^^^^^^^^^^^^^^^^^^^^^^^^^^^^^^^^^^^
  File "/home/jules/.pyenv/versions/3.12.13/lib/python3.12/importlib/__init__.py", line 90, in import_module
    return _bootstrap._gcd_import(name[level:], package, level)
           ^^^^^^^^^^^^^^^^^^^^^^^^^^^^^^^^^^^^^^^^^^^^^^^^^^^^
  File "<frozen importlib._bootstrap>", line 1387, in _gcd_import
  File "<frozen importlib._bootstrap>", line 1360, in _find_and_load
  File "<frozen importlib._bootstrap>", line 1331, in _find_and_load_unlocked
  File "<frozen importlib._bootstrap>", line 935, in _load_unlocked
  File "<frozen importlib._bootstrap_external>", line 999, in exec_module
  File "<frozen importlib._bootstrap>", line 488, in _call_with_frames_removed
  File "/home/jules/.pyenv/versions/3.12.13/lib/python3.12/site-packages/transformers/models/idefics2/image_processing_idefics2.py", line 37, in <module>
    from torchvision.transforms.v2 import functional as tvF
ModuleNotFoundError: No module named 'torchvision'
2026-09-06 23:57:30.407 Examining the path of transformers.models.idefics3.image_processing_idefics3_fast raised:
Traceback (most recent call last):
  File "/home/jules/.pyenv/versions/3.12.13/lib/python3.12/site-packages/streamlit/watcher/local_sources_watcher.py", line 340, in get_module_paths
    potential_paths = extract_paths(module)
                      ^^^^^^^^^^^^^^^^^^^^^
  File "/home/jules/.pyenv/versions/3.12.13/lib/python3.12/site-packages/streamlit/watcher/local_sources_watcher.py", line 327, in <lambda>
    if hasattr(m, "__path__")
       ^^^^^^^^^^^^^^^^^^^^^^
  File "/home/jules/.pyenv/versions/3.12.13/lib/python3.12/site-packages/transformers/__init__.py", line 865, in _getattr
    return getattr(importlib.import_module(target, __name__), name)
                   ^^^^^^^^^^^^^^^^^^^^^^^^^^^^^^^^^^^^^^^^^
  File "/home/jules/.pyenv/versions/3.12.13/lib/python3.12/importlib/__init__.py", line 90, in import_module
    return _bootstrap._gcd_import(name[level:], package, level)
           ^^^^^^^^^^^^^^^^^^^^^^^^^^^^^^^^^^^^^^^^^^^^^^^^^^^^
  File "<frozen importlib._bootstrap>", line 1387, in _gcd_import
  File "<frozen importlib._bootstrap>", line 1360, in _find_and_load
  File "<frozen importlib._bootstrap>", line 1331, in _find_and_load_unlocked
  File "<frozen importlib._bootstrap>", line 935, in _load_unlocked
  File "<frozen importlib._bootstrap_external>", line 999, in exec_module
  File "<frozen importlib._bootstrap>", line 488, in _call_with_frames_removed
  File "/home/jules/.pyenv/versions/3.12.13/lib/python3.12/site-packages/transformers/models/idefics3/image_processing_idefics3.py", line 20, in <module>
    from torchvision.transforms.v2 import functional as tvF
ModuleNotFoundError: No module named 'torchvision'
2026-09-06 23:57:30.435 Examining the path of transformers.models.imagegpt.image_processing_imagegpt_fast raised:
Traceback (most recent call last):
  File "/home/jules/.pyenv/versions/3.12.13/lib/python3.12/site-packages/streamlit/watcher/local_sources_watcher.py", line 340, in get_module_paths
    potential_paths = extract_paths(module)
                      ^^^^^^^^^^^^^^^^^^^^^
  File "/home/jules/.pyenv/versions/3.12.13/lib/python3.12/site-packages/streamlit/watcher/local_sources_watcher.py", line 327, in <lambda>
    if hasattr(m, "__path__")
       ^^^^^^^^^^^^^^^^^^^^^^
  File "/home/jules/.pyenv/versions/3.12.13/lib/python3.12/site-packages/transformers/__init__.py", line 865, in _getattr
    return getattr(importlib.import_module(target, __name__), name)
                   ^^^^^^^^^^^^^^^^^^^^^^^^^^^^^^^^^^^^^^^^^
  File "/home/jules/.pyenv/versions/3.12.13/lib/python3.12/importlib/__init__.py", line 90, in import_module
    return _bootstrap._gcd_import(name[level:], package, level)
           ^^^^^^^^^^^^^^^^^^^^^^^^^^^^^^^^^^^^^^^^^^^^^^^^^^^^
  File "<frozen importlib._bootstrap>", line 1387, in _gcd_import
  File "<frozen importlib._bootstrap>", line 1360, in _find_and_load
  File "<frozen importlib._bootstrap>", line 1331, in _find_and_load_unlocked
  File "<frozen importlib._bootstrap>", line 935, in _load_unlocked
  File "<frozen importlib._bootstrap_external>", line 999, in exec_module
  File "<frozen importlib._bootstrap>", line 488, in _call_with_frames_removed
  File "/home/jules/.pyenv/versions/3.12.13/lib/python3.12/site-packages/transformers/models/imagegpt/image_processing_imagegpt.py", line 20, in <module>
    from torchvision.transforms.v2 import functional as tvF
ModuleNotFoundError: No module named 'torchvision'
2026-09-06 23:57:30.441 Examining the path of transformers.models.inkling.image_processing_inkling_fast raised:
Traceback (most recent call last):
  File "/home/jules/.pyenv/versions/3.12.13/lib/python3.12/site-packages/streamlit/watcher/local_sources_watcher.py", line 340, in get_module_paths
    potential_paths = extract_paths(module)
                      ^^^^^^^^^^^^^^^^^^^^^
  File "/home/jules/.pyenv/versions/3.12.13/lib/python3.12/site-packages/streamlit/watcher/local_sources_watcher.py", line 327, in <lambda>
    if hasattr(m, "__path__")
       ^^^^^^^^^^^^^^^^^^^^^^
  File "/home/jules/.pyenv/versions/3.12.13/lib/python3.12/site-packages/transformers/__init__.py", line 865, in _getattr
    return getattr(importlib.import_module(target, __name__), name)
                   ^^^^^^^^^^^^^^^^^^^^^^^^^^^^^^^^^^^^^^^^^
  File "/home/jules/.pyenv/versions/3.12.13/lib/python3.12/importlib/__init__.py", line 90, in import_module
    return _bootstrap._gcd_import(name[level:], package, level)
           ^^^^^^^^^^^^^^^^^^^^^^^^^^^^^^^^^^^^^^^^^^^^^^^^^^^^
  File "<frozen importlib._bootstrap>", line 1387, in _gcd_import
  File "<frozen importlib._bootstrap>", line 1360, in _find_and_load
  File "<frozen importlib._bootstrap>", line 1331, in _find_and_load_unlocked
  File "<frozen importlib._bootstrap>", line 935, in _load_unlocked
  File "<frozen importlib._bootstrap_external>", line 999, in exec_module
  File "<frozen importlib._bootstrap>", line 488, in _call_with_frames_removed
  File "/home/jules/.pyenv/versions/3.12.13/lib/python3.12/site-packages/transformers/models/inkling/image_processing_inkling.py", line 19, in <module>
    from torchvision.transforms.v2 import functional as tvF
ModuleNotFoundError: No module named 'torchvision'
2026-09-06 23:57:30.444 Examining the path of transformers.models.janus.image_processing_janus_fast raised:
Traceback (most recent call last):
  File "/home/jules/.pyenv/versions/3.12.13/lib/python3.12/site-packages/streamlit/watcher/local_sources_watcher.py", line 340, in get_module_paths
    potential_paths = extract_paths(module)
                      ^^^^^^^^^^^^^^^^^^^^^
  File "/home/jules/.pyenv/versions/3.12.13/lib/python3.12/site-packages/streamlit/watcher/local_sources_watcher.py", line 327, in <lambda>
    if hasattr(m, "__path__")
       ^^^^^^^^^^^^^^^^^^^^^^
  File "/home/jules/.pyenv/versions/3.12.13/lib/python3.12/site-packages/transformers/__init__.py", line 865, in _getattr
    return getattr(importlib.import_module(target, __name__), name)
                   ^^^^^^^^^^^^^^^^^^^^^^^^^^^^^^^^^^^^^^^^^
  File "/home/jules/.pyenv/versions/3.12.13/lib/python3.12/importlib/__init__.py", line 90, in import_module
    return _bootstrap._gcd_import(name[level:], package, level)
           ^^^^^^^^^^^^^^^^^^^^^^^^^^^^^^^^^^^^^^^^^^^^^^^^^^^^
  File "<frozen importlib._bootstrap>", line 1387, in _gcd_import
  File "<frozen importlib._bootstrap>", line 1360, in _find_and_load
  File "<frozen importlib._bootstrap>", line 1331, in _find_and_load_unlocked
  File "<frozen importlib._bootstrap>", line 935, in _load_unlocked
  File "<frozen importlib._bootstrap_external>", line 999, in exec_module
  File "<frozen importlib._bootstrap>", line 488, in _call_with_frames_removed
  File "/home/jules/.pyenv/versions/3.12.13/lib/python3.12/site-packages/transformers/models/janus/image_processing_janus.py", line 17, in <module>
    import torchvision.transforms.v2.functional as tvF
ModuleNotFoundError: No module named 'torchvision'
2026-09-06 23:57:30.463 Examining the path of transformers.models.kimi_k25.image_processing_kimi_k25_fast raised:
Traceback (most recent call last):
  File "/home/jules/.pyenv/versions/3.12.13/lib/python3.12/site-packages/streamlit/watcher/local_sources_watcher.py", line 340, in get_module_paths
    potential_paths = extract_paths(module)
                      ^^^^^^^^^^^^^^^^^^^^^
  File "/home/jules/.pyenv/versions/3.12.13/lib/python3.12/site-packages/streamlit/watcher/local_sources_watcher.py", line 327, in <lambda>
    if hasattr(m, "__path__")
       ^^^^^^^^^^^^^^^^^^^^^^
  File "/home/jules/.pyenv/versions/3.12.13/lib/python3.12/site-packages/transformers/__init__.py", line 865, in _getattr
    return getattr(importlib.import_module(target, __name__), name)
                   ^^^^^^^^^^^^^^^^^^^^^^^^^^^^^^^^^^^^^^^^^
  File "/home/jules/.pyenv/versions/3.12.13/lib/python3.12/importlib/__init__.py", line 90, in import_module
    return _bootstrap._gcd_import(name[level:], package, level)
           ^^^^^^^^^^^^^^^^^^^^^^^^^^^^^^^^^^^^^^^^^^^^^^^^^^^^
  File "<frozen importlib._bootstrap>", line 1387, in _gcd_import
  File "<frozen importlib._bootstrap>", line 1360, in _find_and_load
  File "<frozen importlib._bootstrap>", line 1331, in _find_and_load_unlocked
  File "<frozen importlib._bootstrap>", line 935, in _load_unlocked
  File "<frozen importlib._bootstrap_external>", line 999, in exec_module
  File "<frozen importlib._bootstrap>", line 488, in _call_with_frames_removed
  File "/home/jules/.pyenv/versions/3.12.13/lib/python3.12/site-packages/transformers/models/kimi_k25/image_processing_kimi_k25.py", line 19, in <module>
    from torchvision.transforms.v2 import functional as tvF
ModuleNotFoundError: No module named 'torchvision'
2026-09-06 23:57:30.499 Examining the path of transformers.models.layoutlmv2.image_processing_layoutlmv2_fast raised:
Traceback (most recent call last):
  File "/home/jules/.pyenv/versions/3.12.13/lib/python3.12/site-packages/streamlit/watcher/local_sources_watcher.py", line 340, in get_module_paths
    potential_paths = extract_paths(module)
                      ^^^^^^^^^^^^^^^^^^^^^
  File "/home/jules/.pyenv/versions/3.12.13/lib/python3.12/site-packages/streamlit/watcher/local_sources_watcher.py", line 327, in <lambda>
    if hasattr(m, "__path__")
       ^^^^^^^^^^^^^^^^^^^^^^
  File "/home/jules/.pyenv/versions/3.12.13/lib/python3.12/site-packages/transformers/__init__.py", line 865, in _getattr
    return getattr(importlib.import_module(target, __name__), name)
                   ^^^^^^^^^^^^^^^^^^^^^^^^^^^^^^^^^^^^^^^^^
  File "/home/jules/.pyenv/versions/3.12.13/lib/python3.12/importlib/__init__.py", line 90, in import_module
    return _bootstrap._gcd_import(name[level:], package, level)
           ^^^^^^^^^^^^^^^^^^^^^^^^^^^^^^^^^^^^^^^^^^^^^^^^^^^^
  File "<frozen importlib._bootstrap>", line 1387, in _gcd_import
  File "<frozen importlib._bootstrap>", line 1360, in _find_and_load
  File "<frozen importlib._bootstrap>", line 1331, in _find_and_load_unlocked
  File "<frozen importlib._bootstrap>", line 935, in _load_unlocked
  File "<frozen importlib._bootstrap_external>", line 999, in exec_module
  File "<frozen importlib._bootstrap>", line 488, in _call_with_frames_removed
  File "/home/jules/.pyenv/versions/3.12.13/lib/python3.12/site-packages/transformers/models/layoutlmv2/image_processing_layoutlmv2.py", line 36, in <module>
    from torchvision.transforms.v2 import functional as tvF
ModuleNotFoundError: No module named 'torchvision'
2026-09-06 23:57:30.516 Examining the path of transformers.models.layoutlmv3.image_processing_layoutlmv3_fast raised:
Traceback (most recent call last):
  File "/home/jules/.pyenv/versions/3.12.13/lib/python3.12/site-packages/streamlit/watcher/local_sources_watcher.py", line 340, in get_module_paths
    potential_paths = extract_paths(module)
                      ^^^^^^^^^^^^^^^^^^^^^
  File "/home/jules/.pyenv/versions/3.12.13/lib/python3.12/site-packages/streamlit/watcher/local_sources_watcher.py", line 327, in <lambda>
    if hasattr(m, "__path__")
       ^^^^^^^^^^^^^^^^^^^^^^
  File "/home/jules/.pyenv/versions/3.12.13/lib/python3.12/site-packages/transformers/__init__.py", line 865, in _getattr
    return getattr(importlib.import_module(target, __name__), name)
                   ^^^^^^^^^^^^^^^^^^^^^^^^^^^^^^^^^^^^^^^^^
  File "/home/jules/.pyenv/versions/3.12.13/lib/python3.12/importlib/__init__.py", line 90, in import_module
    return _bootstrap._gcd_import(name[level:], package, level)
           ^^^^^^^^^^^^^^^^^^^^^^^^^^^^^^^^^^^^^^^^^^^^^^^^^^^^
  File "<frozen importlib._bootstrap>", line 1387, in _gcd_import
  File "<frozen importlib._bootstrap>", line 1360, in _find_and_load
  File "<frozen importlib._bootstrap>", line 1331, in _find_and_load_unlocked
  File "<frozen importlib._bootstrap>", line 935, in _load_unlocked
  File "<frozen importlib._bootstrap_external>", line 999, in exec_module
  File "<frozen importlib._bootstrap>", line 488, in _call_with_frames_removed
  File "/home/jules/.pyenv/versions/3.12.13/lib/python3.12/site-packages/transformers/models/layoutlmv3/image_processing_layoutlmv3.py", line 42, in <module>
    from torchvision.transforms.v2 import functional as tvF
ModuleNotFoundError: No module named 'torchvision'
2026-09-06 23:57:30.526 Examining the path of transformers.models.levit.image_processing_levit_fast raised:
Traceback (most recent call last):
  File "/home/jules/.pyenv/versions/3.12.13/lib/python3.12/site-packages/streamlit/watcher/local_sources_watcher.py", line 340, in get_module_paths
    potential_paths = extract_paths(module)
                      ^^^^^^^^^^^^^^^^^^^^^
  File "/home/jules/.pyenv/versions/3.12.13/lib/python3.12/site-packages/streamlit/watcher/local_sources_watcher.py", line 327, in <lambda>
    if hasattr(m, "__path__")
       ^^^^^^^^^^^^^^^^^^^^^^
  File "/home/jules/.pyenv/versions/3.12.13/lib/python3.12/site-packages/transformers/__init__.py", line 865, in _getattr
    return getattr(importlib.import_module(target, __name__), name)
                   ^^^^^^^^^^^^^^^^^^^^^^^^^^^^^^^^^^^^^^^^^
  File "/home/jules/.pyenv/versions/3.12.13/lib/python3.12/importlib/__init__.py", line 90, in import_module
    return _bootstrap._gcd_import(name[level:], package, level)
           ^^^^^^^^^^^^^^^^^^^^^^^^^^^^^^^^^^^^^^^^^^^^^^^^^^^^
  File "<frozen importlib._bootstrap>", line 1387, in _gcd_import
  File "<frozen importlib._bootstrap>", line 1360, in _find_and_load
  File "<frozen importlib._bootstrap>", line 1331, in _find_and_load_unlocked
  File "<frozen importlib._bootstrap>", line 935, in _load_unlocked
  File "<frozen importlib._bootstrap_external>", line 999, in exec_module
  File "<frozen importlib._bootstrap>", line 488, in _call_with_frames_removed
  File "/home/jules/.pyenv/versions/3.12.13/lib/python3.12/site-packages/transformers/models/levit/image_processing_levit.py", line 17, in <module>
    from torchvision.transforms.v2 import functional as tvF
ModuleNotFoundError: No module named 'torchvision'
2026-09-06 23:57:30.531 Examining the path of transformers.models.lfm2_vl.image_processing_lfm2_vl_fast raised:
Traceback (most recent call last):
  File "/home/jules/.pyenv/versions/3.12.13/lib/python3.12/site-packages/streamlit/watcher/local_sources_watcher.py", line 340, in get_module_paths
    potential_paths = extract_paths(module)
                      ^^^^^^^^^^^^^^^^^^^^^
  File "/home/jules/.pyenv/versions/3.12.13/lib/python3.12/site-packages/streamlit/watcher/local_sources_watcher.py", line 327, in <lambda>
    if hasattr(m, "__path__")
       ^^^^^^^^^^^^^^^^^^^^^^
  File "/home/jules/.pyenv/versions/3.12.13/lib/python3.12/site-packages/transformers/__init__.py", line 865, in _getattr
    return getattr(importlib.import_module(target, __name__), name)
                   ^^^^^^^^^^^^^^^^^^^^^^^^^^^^^^^^^^^^^^^^^
  File "/home/jules/.pyenv/versions/3.12.13/lib/python3.12/importlib/__init__.py", line 90, in import_module
    return _bootstrap._gcd_import(name[level:], package, level)
           ^^^^^^^^^^^^^^^^^^^^^^^^^^^^^^^^^^^^^^^^^^^^^^^^^^^^
  File "<frozen importlib._bootstrap>", line 1387, in _gcd_import
  File "<frozen importlib._bootstrap>", line 1360, in _find_and_load
  File "<frozen importlib._bootstrap>", line 1331, in _find_and_load_unlocked
  File "<frozen importlib._bootstrap>", line 935, in _load_unlocked
  File "<frozen importlib._bootstrap_external>", line 999, in exec_module
  File "<frozen importlib._bootstrap>", line 488, in _call_with_frames_removed
  File "/home/jules/.pyenv/versions/3.12.13/lib/python3.12/site-packages/transformers/models/lfm2_vl/image_processing_lfm2_vl.py", line 18, in <module>
    from torchvision.transforms.v2 import functional as tvF
ModuleNotFoundError: No module named 'torchvision'
2026-09-06 23:57:30.534 Examining the path of transformers.models.lightglue.image_processing_lightglue_fast raised:
Traceback (most recent call last):
  File "/home/jules/.pyenv/versions/3.12.13/lib/python3.12/site-packages/streamlit/watcher/local_sources_watcher.py", line 340, in get_module_paths
    potential_paths = extract_paths(module)
                      ^^^^^^^^^^^^^^^^^^^^^
  File "/home/jules/.pyenv/versions/3.12.13/lib/python3.12/site-packages/streamlit/watcher/local_sources_watcher.py", line 327, in <lambda>
    if hasattr(m, "__path__")
       ^^^^^^^^^^^^^^^^^^^^^^
  File "/home/jules/.pyenv/versions/3.12.13/lib/python3.12/site-packages/transformers/__init__.py", line 865, in _getattr
    return getattr(importlib.import_module(target, __name__), name)
                   ^^^^^^^^^^^^^^^^^^^^^^^^^^^^^^^^^^^^^^^^^
  File "/home/jules/.pyenv/versions/3.12.13/lib/python3.12/importlib/__init__.py", line 90, in import_module
    return _bootstrap._gcd_import(name[level:], package, level)
           ^^^^^^^^^^^^^^^^^^^^^^^^^^^^^^^^^^^^^^^^^^^^^^^^^^^^
  File "<frozen importlib._bootstrap>", line 1387, in _gcd_import
  File "<frozen importlib._bootstrap>", line 1360, in _find_and_load
  File "<frozen importlib._bootstrap>", line 1331, in _find_and_load_unlocked
  File "<frozen importlib._bootstrap>", line 935, in _load_unlocked
  File "<frozen importlib._bootstrap_external>", line 999, in exec_module
  File "<frozen importlib._bootstrap>", line 488, in _call_with_frames_removed
  File "/home/jules/.pyenv/versions/3.12.13/lib/python3.12/site-packages/transformers/models/lightglue/image_processing_lightglue.py", line 24, in <module>
    from torchvision.transforms.v2 import functional as tvF
ModuleNotFoundError: No module named 'torchvision'
2026-09-06 23:57:30.546 Examining the path of transformers.models.llama4.image_processing_llama4_fast raised:
Traceback (most recent call last):
  File "/home/jules/.pyenv/versions/3.12.13/lib/python3.12/site-packages/streamlit/watcher/local_sources_watcher.py", line 340, in get_module_paths
    potential_paths = extract_paths(module)
                      ^^^^^^^^^^^^^^^^^^^^^
  File "/home/jules/.pyenv/versions/3.12.13/lib/python3.12/site-packages/streamlit/watcher/local_sources_watcher.py", line 327, in <lambda>
    if hasattr(m, "__path__")
       ^^^^^^^^^^^^^^^^^^^^^^
  File "/home/jules/.pyenv/versions/3.12.13/lib/python3.12/site-packages/transformers/__init__.py", line 865, in _getattr
    return getattr(importlib.import_module(target, __name__), name)
                   ^^^^^^^^^^^^^^^^^^^^^^^^^^^^^^^^^^^^^^^^^
  File "/home/jules/.pyenv/versions/3.12.13/lib/python3.12/importlib/__init__.py", line 90, in import_module
    return _bootstrap._gcd_import(name[level:], package, level)
           ^^^^^^^^^^^^^^^^^^^^^^^^^^^^^^^^^^^^^^^^^^^^^^^^^^^^
  File "<frozen importlib._bootstrap>", line 1387, in _gcd_import
  File "<frozen importlib._bootstrap>", line 1360, in _find_and_load
  File "<frozen importlib._bootstrap>", line 1331, in _find_and_load_unlocked
  File "<frozen importlib._bootstrap>", line 935, in _load_unlocked
  File "<frozen importlib._bootstrap_external>", line 999, in exec_module
  File "<frozen importlib._bootstrap>", line 488, in _call_with_frames_removed
  File "/home/jules/.pyenv/versions/3.12.13/lib/python3.12/site-packages/transformers/models/llama4/image_processing_llama4.py", line 21, in <module>
    from torchvision.transforms.v2 import functional as tvF
ModuleNotFoundError: No module named 'torchvision'
2026-09-06 23:57:30.549 Examining the path of transformers.models.llava.image_processing_llava_fast raised:
Traceback (most recent call last):
  File "/home/jules/.pyenv/versions/3.12.13/lib/python3.12/site-packages/streamlit/watcher/local_sources_watcher.py", line 340, in get_module_paths
    potential_paths = extract_paths(module)
                      ^^^^^^^^^^^^^^^^^^^^^
  File "/home/jules/.pyenv/versions/3.12.13/lib/python3.12/site-packages/streamlit/watcher/local_sources_watcher.py", line 327, in <lambda>
    if hasattr(m, "__path__")
       ^^^^^^^^^^^^^^^^^^^^^^
  File "/home/jules/.pyenv/versions/3.12.13/lib/python3.12/site-packages/transformers/__init__.py", line 865, in _getattr
    return getattr(importlib.import_module(target, __name__), name)
                   ^^^^^^^^^^^^^^^^^^^^^^^^^^^^^^^^^^^^^^^^^
  File "/home/jules/.pyenv/versions/3.12.13/lib/python3.12/importlib/__init__.py", line 90, in import_module
    return _bootstrap._gcd_import(name[level:], package, level)
           ^^^^^^^^^^^^^^^^^^^^^^^^^^^^^^^^^^^^^^^^^^^^^^^^^^^^
  File "<frozen importlib._bootstrap>", line 1387, in _gcd_import
  File "<frozen importlib._bootstrap>", line 1360, in _find_and_load
  File "<frozen importlib._bootstrap>", line 1331, in _find_and_load_unlocked
  File "<frozen importlib._bootstrap>", line 935, in _load_unlocked
  File "<frozen importlib._bootstrap_external>", line 999, in exec_module
  File "<frozen importlib._bootstrap>", line 488, in _call_with_frames_removed
  File "/home/jules/.pyenv/versions/3.12.13/lib/python3.12/site-packages/transformers/models/llava/image_processing_llava.py", line 19, in <module>
    from torchvision.transforms.v2 import functional as tvF
ModuleNotFoundError: No module named 'torchvision'
2026-09-06 23:57:30.554 Examining the path of transformers.models.llava_next.image_processing_llava_next_fast raised:
Traceback (most recent call last):
  File "/home/jules/.pyenv/versions/3.12.13/lib/python3.12/site-packages/streamlit/watcher/local_sources_watcher.py", line 340, in get_module_paths
    potential_paths = extract_paths(module)
                      ^^^^^^^^^^^^^^^^^^^^^
  File "/home/jules/.pyenv/versions/3.12.13/lib/python3.12/site-packages/streamlit/watcher/local_sources_watcher.py", line 327, in <lambda>
    if hasattr(m, "__path__")
       ^^^^^^^^^^^^^^^^^^^^^^
  File "/home/jules/.pyenv/versions/3.12.13/lib/python3.12/site-packages/transformers/__init__.py", line 865, in _getattr
    return getattr(importlib.import_module(target, __name__), name)
                   ^^^^^^^^^^^^^^^^^^^^^^^^^^^^^^^^^^^^^^^^^
  File "/home/jules/.pyenv/versions/3.12.13/lib/python3.12/importlib/__init__.py", line 90, in import_module
    return _bootstrap._gcd_import(name[level:], package, level)
           ^^^^^^^^^^^^^^^^^^^^^^^^^^^^^^^^^^^^^^^^^^^^^^^^^^^^
  File "<frozen importlib._bootstrap>", line 1387, in _gcd_import
  File "<frozen importlib._bootstrap>", line 1360, in _find_and_load
  File "<frozen importlib._bootstrap>", line 1331, in _find_and_load_unlocked
  File "<frozen importlib._bootstrap>", line 935, in _load_unlocked
  File "<frozen importlib._bootstrap_external>", line 999, in exec_module
  File "<frozen importlib._bootstrap>", line 488, in _call_with_frames_removed
  File "/home/jules/.pyenv/versions/3.12.13/lib/python3.12/site-packages/transformers/models/llava_next/image_processing_llava_next.py", line 19, in <module>
    from torchvision.transforms.v2 import functional as tvF
ModuleNotFoundError: No module named 'torchvision'
2026-09-06 23:57:30.563 Examining the path of transformers.models.llava_onevision.image_processing_llava_onevision_fast raised:
Traceback (most recent call last):
  File "/home/jules/.pyenv/versions/3.12.13/lib/python3.12/site-packages/streamlit/watcher/local_sources_watcher.py", line 340, in get_module_paths
    potential_paths = extract_paths(module)
                      ^^^^^^^^^^^^^^^^^^^^^
  File "/home/jules/.pyenv/versions/3.12.13/lib/python3.12/site-packages/streamlit/watcher/local_sources_watcher.py", line 327, in <lambda>
    if hasattr(m, "__path__")
       ^^^^^^^^^^^^^^^^^^^^^^
  File "/home/jules/.pyenv/versions/3.12.13/lib/python3.12/site-packages/transformers/__init__.py", line 865, in _getattr
    return getattr(importlib.import_module(target, __name__), name)
                   ^^^^^^^^^^^^^^^^^^^^^^^^^^^^^^^^^^^^^^^^^
  File "/home/jules/.pyenv/versions/3.12.13/lib/python3.12/importlib/__init__.py", line 90, in import_module
    return _bootstrap._gcd_import(name[level:], package, level)
           ^^^^^^^^^^^^^^^^^^^^^^^^^^^^^^^^^^^^^^^^^^^^^^^^^^^^
  File "<frozen importlib._bootstrap>", line 1387, in _gcd_import
  File "<frozen importlib._bootstrap>", line 1360, in _find_and_load
  File "<frozen importlib._bootstrap>", line 1331, in _find_and_load_unlocked
  File "<frozen importlib._bootstrap>", line 935, in _load_unlocked
  File "<frozen importlib._bootstrap_external>", line 999, in exec_module
  File "<frozen importlib._bootstrap>", line 488, in _call_with_frames_removed
  File "/home/jules/.pyenv/versions/3.12.13/lib/python3.12/site-packages/transformers/models/llava_onevision/image_processing_llava_onevision.py", line 24, in <module>
    import torchvision.transforms.v2.functional as tvF
ModuleNotFoundError: No module named 'torchvision'
2026-09-06 23:57:30.574 Examining the path of transformers.models.mask2former.image_processing_mask2former_fast raised:
Traceback (most recent call last):
  File "/home/jules/.pyenv/versions/3.12.13/lib/python3.12/site-packages/streamlit/watcher/local_sources_watcher.py", line 340, in get_module_paths
    potential_paths = extract_paths(module)
                      ^^^^^^^^^^^^^^^^^^^^^
  File "/home/jules/.pyenv/versions/3.12.13/lib/python3.12/site-packages/streamlit/watcher/local_sources_watcher.py", line 327, in <lambda>
    if hasattr(m, "__path__")
       ^^^^^^^^^^^^^^^^^^^^^^
  File "/home/jules/.pyenv/versions/3.12.13/lib/python3.12/site-packages/transformers/__init__.py", line 865, in _getattr
    return getattr(importlib.import_module(target, __name__), name)
                   ^^^^^^^^^^^^^^^^^^^^^^^^^^^^^^^^^^^^^^^^^
  File "/home/jules/.pyenv/versions/3.12.13/lib/python3.12/importlib/__init__.py", line 90, in import_module
    return _bootstrap._gcd_import(name[level:], package, level)
           ^^^^^^^^^^^^^^^^^^^^^^^^^^^^^^^^^^^^^^^^^^^^^^^^^^^^
  File "<frozen importlib._bootstrap>", line 1387, in _gcd_import
  File "<frozen importlib._bootstrap>", line 1360, in _find_and_load
  File "<frozen importlib._bootstrap>", line 1331, in _find_and_load_unlocked
  File "<frozen importlib._bootstrap>", line 935, in _load_unlocked
  File "<frozen importlib._bootstrap_external>", line 999, in exec_module
  File "<frozen importlib._bootstrap>", line 488, in _call_with_frames_removed
  File "/home/jules/.pyenv/versions/3.12.13/lib/python3.12/site-packages/transformers/models/mask2former/image_processing_mask2former.py", line 27, in <module>
    from torchvision.transforms.v2 import functional as tvF
ModuleNotFoundError: No module named 'torchvision'
2026-09-06 23:57:30.588 Examining the path of transformers.models.maskformer.image_processing_maskformer_fast raised:
Traceback (most recent call last):
  File "/home/jules/.pyenv/versions/3.12.13/lib/python3.12/site-packages/streamlit/watcher/local_sources_watcher.py", line 340, in get_module_paths
    potential_paths = extract_paths(module)
                      ^^^^^^^^^^^^^^^^^^^^^
  File "/home/jules/.pyenv/versions/3.12.13/lib/python3.12/site-packages/streamlit/watcher/local_sources_watcher.py", line 327, in <lambda>
    if hasattr(m, "__path__")
       ^^^^^^^^^^^^^^^^^^^^^^
  File "/home/jules/.pyenv/versions/3.12.13/lib/python3.12/site-packages/transformers/__init__.py", line 865, in _getattr
    return getattr(importlib.import_module(target, __name__), name)
                   ^^^^^^^^^^^^^^^^^^^^^^^^^^^^^^^^^^^^^^^^^
  File "/home/jules/.pyenv/versions/3.12.13/lib/python3.12/importlib/__init__.py", line 90, in import_module
    return _bootstrap._gcd_import(name[level:], package, level)
           ^^^^^^^^^^^^^^^^^^^^^^^^^^^^^^^^^^^^^^^^^^^^^^^^^^^^
  File "<frozen importlib._bootstrap>", line 1387, in _gcd_import
  File "<frozen importlib._bootstrap>", line 1360, in _find_and_load
  File "<frozen importlib._bootstrap>", line 1331, in _find_and_load_unlocked
  File "<frozen importlib._bootstrap>", line 935, in _load_unlocked
  File "<frozen importlib._bootstrap_external>", line 999, in exec_module
  File "<frozen importlib._bootstrap>", line 488, in _call_with_frames_removed
  File "/home/jules/.pyenv/versions/3.12.13/lib/python3.12/site-packages/transformers/models/maskformer/image_processing_maskformer.py", line 22, in <module>
    from torchvision.transforms.v2 import functional as tvF
ModuleNotFoundError: No module named 'torchvision'
2026-09-06 23:57:30.617 Examining the path of transformers.models.minimax_m3_vl.image_processing_minimax_m3_vl_fast raised:
Traceback (most recent call last):
  File "/home/jules/.pyenv/versions/3.12.13/lib/python3.12/site-packages/streamlit/watcher/local_sources_watcher.py", line 340, in get_module_paths
    potential_paths = extract_paths(module)
                      ^^^^^^^^^^^^^^^^^^^^^
  File "/home/jules/.pyenv/versions/3.12.13/lib/python3.12/site-packages/streamlit/watcher/local_sources_watcher.py", line 327, in <lambda>
    if hasattr(m, "__path__")
       ^^^^^^^^^^^^^^^^^^^^^^
  File "/home/jules/.pyenv/versions/3.12.13/lib/python3.12/site-packages/transformers/__init__.py", line 865, in _getattr
    return getattr(importlib.import_module(target, __name__), name)
                   ^^^^^^^^^^^^^^^^^^^^^^^^^^^^^^^^^^^^^^^^^
  File "/home/jules/.pyenv/versions/3.12.13/lib/python3.12/importlib/__init__.py", line 90, in import_module
    return _bootstrap._gcd_import(name[level:], package, level)
           ^^^^^^^^^^^^^^^^^^^^^^^^^^^^^^^^^^^^^^^^^^^^^^^^^^^^
  File "<frozen importlib._bootstrap>", line 1387, in _gcd_import
  File "<frozen importlib._bootstrap>", line 1360, in _find_and_load
  File "<frozen importlib._bootstrap>", line 1331, in _find_and_load_unlocked
  File "<frozen importlib._bootstrap>", line 935, in _load_unlocked
  File "<frozen importlib._bootstrap_external>", line 999, in exec_module
  File "<frozen importlib._bootstrap>", line 488, in _call_with_frames_removed
  File "/home/jules/.pyenv/versions/3.12.13/lib/python3.12/site-packages/transformers/models/minimax_m3_vl/image_processing_minimax_m3_vl.py", line 25, in <module>
    from torchvision.transforms.v2 import functional as tvF
ModuleNotFoundError: No module named 'torchvision'
2026-09-06 23:57:30.621 Examining the path of transformers.models.mllama.image_processing_mllama_fast raised:
Traceback (most recent call last):
  File "/home/jules/.pyenv/versions/3.12.13/lib/python3.12/site-packages/streamlit/watcher/local_sources_watcher.py", line 340, in get_module_paths
    potential_paths = extract_paths(module)
                      ^^^^^^^^^^^^^^^^^^^^^
  File "/home/jules/.pyenv/versions/3.12.13/lib/python3.12/site-packages/streamlit/watcher/local_sources_watcher.py", line 327, in <lambda>
    if hasattr(m, "__path__")
       ^^^^^^^^^^^^^^^^^^^^^^
  File "/home/jules/.pyenv/versions/3.12.13/lib/python3.12/site-packages/transformers/__init__.py", line 865, in _getattr
    return getattr(importlib.import_module(target, __name__), name)
                   ^^^^^^^^^^^^^^^^^^^^^^^^^^^^^^^^^^^^^^^^^
  File "/home/jules/.pyenv/versions/3.12.13/lib/python3.12/importlib/__init__.py", line 90, in import_module
    return _bootstrap._gcd_import(name[level:], package, level)
           ^^^^^^^^^^^^^^^^^^^^^^^^^^^^^^^^^^^^^^^^^^^^^^^^^^^^
  File "<frozen importlib._bootstrap>", line 1387, in _gcd_import
  File "<frozen importlib._bootstrap>", line 1360, in _find_and_load
  File "<frozen importlib._bootstrap>", line 1331, in _find_and_load_unlocked
  File "<frozen importlib._bootstrap>", line 935, in _load_unlocked
  File "<frozen importlib._bootstrap_external>", line 999, in exec_module
  File "<frozen importlib._bootstrap>", line 488, in _call_with_frames_removed
  File "/home/jules/.pyenv/versions/3.12.13/lib/python3.12/site-packages/transformers/models/mllama/image_processing_mllama.py", line 40, in <module>
    from torchvision.transforms.v2 import functional as tvF
ModuleNotFoundError: No module named 'torchvision'
2026-09-06 23:57:30.644 Examining the path of transformers.models.mobilenet_v2.image_processing_mobilenet_v2_fast raised:
Traceback (most recent call last):
  File "/home/jules/.pyenv/versions/3.12.13/lib/python3.12/site-packages/streamlit/watcher/local_sources_watcher.py", line 340, in get_module_paths
    potential_paths = extract_paths(module)
                      ^^^^^^^^^^^^^^^^^^^^^
  File "/home/jules/.pyenv/versions/3.12.13/lib/python3.12/site-packages/streamlit/watcher/local_sources_watcher.py", line 327, in <lambda>
    if hasattr(m, "__path__")
       ^^^^^^^^^^^^^^^^^^^^^^
  File "/home/jules/.pyenv/versions/3.12.13/lib/python3.12/site-packages/transformers/__init__.py", line 865, in _getattr
    return getattr(importlib.import_module(target, __name__), name)
                   ^^^^^^^^^^^^^^^^^^^^^^^^^^^^^^^^^^^^^^^^^
  File "/home/jules/.pyenv/versions/3.12.13/lib/python3.12/importlib/__init__.py", line 90, in import_module
    return _bootstrap._gcd_import(name[level:], package, level)
           ^^^^^^^^^^^^^^^^^^^^^^^^^^^^^^^^^^^^^^^^^^^^^^^^^^^^
  File "<frozen importlib._bootstrap>", line 1387, in _gcd_import
  File "<frozen importlib._bootstrap>", line 1360, in _find_and_load
  File "<frozen importlib._bootstrap>", line 1331, in _find_and_load_unlocked
  File "<frozen importlib._bootstrap>", line 935, in _load_unlocked
  File "<frozen importlib._bootstrap_external>", line 999, in exec_module
  File "<frozen importlib._bootstrap>", line 488, in _call_with_frames_removed
  File "/home/jules/.pyenv/versions/3.12.13/lib/python3.12/site-packages/transformers/models/mobilenet_v2/image_processing_mobilenet_v2.py", line 19, in <module>
    from torchvision.transforms.v2 import functional as tvF
ModuleNotFoundError: No module named 'torchvision'
2026-09-06 23:57:30.654 Examining the path of transformers.models.mobilevit.image_processing_mobilevit_fast raised:
Traceback (most recent call last):
  File "/home/jules/.pyenv/versions/3.12.13/lib/python3.12/site-packages/streamlit/watcher/local_sources_watcher.py", line 340, in get_module_paths
    potential_paths = extract_paths(module)
                      ^^^^^^^^^^^^^^^^^^^^^
  File "/home/jules/.pyenv/versions/3.12.13/lib/python3.12/site-packages/streamlit/watcher/local_sources_watcher.py", line 327, in <lambda>
    if hasattr(m, "__path__")
       ^^^^^^^^^^^^^^^^^^^^^^
  File "/home/jules/.pyenv/versions/3.12.13/lib/python3.12/site-packages/transformers/__init__.py", line 865, in _getattr
    return getattr(importlib.import_module(target, __name__), name)
                   ^^^^^^^^^^^^^^^^^^^^^^^^^^^^^^^^^^^^^^^^^
  File "/home/jules/.pyenv/versions/3.12.13/lib/python3.12/importlib/__init__.py", line 90, in import_module
    return _bootstrap._gcd_import(name[level:], package, level)
           ^^^^^^^^^^^^^^^^^^^^^^^^^^^^^^^^^^^^^^^^^^^^^^^^^^^^
  File "<frozen importlib._bootstrap>", line 1387, in _gcd_import
  File "<frozen importlib._bootstrap>", line 1360, in _find_and_load
  File "<frozen importlib._bootstrap>", line 1331, in _find_and_load_unlocked
  File "<frozen importlib._bootstrap>", line 935, in _load_unlocked
  File "<frozen importlib._bootstrap_external>", line 999, in exec_module
  File "<frozen importlib._bootstrap>", line 488, in _call_with_frames_removed
  File "/home/jules/.pyenv/versions/3.12.13/lib/python3.12/site-packages/transformers/models/mobilevit/image_processing_mobilevit.py", line 19, in <module>
    from torchvision.transforms.v2 import functional as tvF
ModuleNotFoundError: No module named 'torchvision'
2026-09-06 23:57:30.665 Examining the path of transformers.models.muse_glimmer.image_processing_muse_glimmer_fast raised:
Traceback (most recent call last):
  File "/home/jules/.pyenv/versions/3.12.13/lib/python3.12/site-packages/streamlit/watcher/local_sources_watcher.py", line 340, in get_module_paths
    potential_paths = extract_paths(module)
                      ^^^^^^^^^^^^^^^^^^^^^
  File "/home/jules/.pyenv/versions/3.12.13/lib/python3.12/site-packages/streamlit/watcher/local_sources_watcher.py", line 327, in <lambda>
    if hasattr(m, "__path__")
       ^^^^^^^^^^^^^^^^^^^^^^
  File "/home/jules/.pyenv/versions/3.12.13/lib/python3.12/site-packages/transformers/__init__.py", line 865, in _getattr
    return getattr(importlib.import_module(target, __name__), name)
                   ^^^^^^^^^^^^^^^^^^^^^^^^^^^^^^^^^^^^^^^^^
  File "/home/jules/.pyenv/versions/3.12.13/lib/python3.12/importlib/__init__.py", line 90, in import_module
    return _bootstrap._gcd_import(name[level:], package, level)
           ^^^^^^^^^^^^^^^^^^^^^^^^^^^^^^^^^^^^^^^^^^^^^^^^^^^^
  File "<frozen importlib._bootstrap>", line 1387, in _gcd_import
  File "<frozen importlib._bootstrap>", line 1360, in _find_and_load
  File "<frozen importlib._bootstrap>", line 1331, in _find_and_load_unlocked
  File "<frozen importlib._bootstrap>", line 935, in _load_unlocked
  File "<frozen importlib._bootstrap_external>", line 999, in exec_module
  File "<frozen importlib._bootstrap>", line 488, in _call_with_frames_removed
  File "/home/jules/.pyenv/versions/3.12.13/lib/python3.12/site-packages/transformers/models/muse_glimmer/image_processing_muse_glimmer.py", line 25, in <module>
    from torchvision.transforms.v2 import functional as tvF
ModuleNotFoundError: No module named 'torchvision'
2026-09-06 23:57:30.668 Examining the path of transformers.models.nougat.image_processing_nougat_fast raised:
Traceback (most recent call last):
  File "/home/jules/.pyenv/versions/3.12.13/lib/python3.12/site-packages/streamlit/watcher/local_sources_watcher.py", line 340, in get_module_paths
    potential_paths = extract_paths(module)
                      ^^^^^^^^^^^^^^^^^^^^^
  File "/home/jules/.pyenv/versions/3.12.13/lib/python3.12/site-packages/streamlit/watcher/local_sources_watcher.py", line 327, in <lambda>
    if hasattr(m, "__path__")
       ^^^^^^^^^^^^^^^^^^^^^^
  File "/home/jules/.pyenv/versions/3.12.13/lib/python3.12/site-packages/transformers/__init__.py", line 865, in _getattr
    return getattr(importlib.import_module(target, __name__), name)
                   ^^^^^^^^^^^^^^^^^^^^^^^^^^^^^^^^^^^^^^^^^
  File "/home/jules/.pyenv/versions/3.12.13/lib/python3.12/importlib/__init__.py", line 90, in import_module
    return _bootstrap._gcd_import(name[level:], package, level)
           ^^^^^^^^^^^^^^^^^^^^^^^^^^^^^^^^^^^^^^^^^^^^^^^^^^^^
  File "<frozen importlib._bootstrap>", line 1387, in _gcd_import
  File "<frozen importlib._bootstrap>", line 1360, in _find_and_load
  File "<frozen importlib._bootstrap>", line 1331, in _find_and_load_unlocked
  File "<frozen importlib._bootstrap>", line 935, in _load_unlocked
  File "<frozen importlib._bootstrap_external>", line 999, in exec_module
  File "<frozen importlib._bootstrap>", line 488, in _call_with_frames_removed
  File "/home/jules/.pyenv/versions/3.12.13/lib/python3.12/site-packages/transformers/models/nougat/image_processing_nougat.py", line 17, in <module>
    from torchvision.transforms.v2 import functional as tvF
ModuleNotFoundError: No module named 'torchvision'
2026-09-06 23:57:30.679 Examining the path of transformers.models.oneformer.image_processing_oneformer_fast raised:
Traceback (most recent call last):
  File "/home/jules/.pyenv/versions/3.12.13/lib/python3.12/site-packages/streamlit/watcher/local_sources_watcher.py", line 340, in get_module_paths
    potential_paths = extract_paths(module)
                      ^^^^^^^^^^^^^^^^^^^^^
  File "/home/jules/.pyenv/versions/3.12.13/lib/python3.12/site-packages/streamlit/watcher/local_sources_watcher.py", line 327, in <lambda>
    if hasattr(m, "__path__")
       ^^^^^^^^^^^^^^^^^^^^^^
  File "/home/jules/.pyenv/versions/3.12.13/lib/python3.12/site-packages/transformers/__init__.py", line 865, in _getattr
    return getattr(importlib.import_module(target, __name__), name)
                   ^^^^^^^^^^^^^^^^^^^^^^^^^^^^^^^^^^^^^^^^^
  File "/home/jules/.pyenv/versions/3.12.13/lib/python3.12/importlib/__init__.py", line 90, in import_module
    return _bootstrap._gcd_import(name[level:], package, level)
           ^^^^^^^^^^^^^^^^^^^^^^^^^^^^^^^^^^^^^^^^^^^^^^^^^^^^
  File "<frozen importlib._bootstrap>", line 1387, in _gcd_import
  File "<frozen importlib._bootstrap>", line 1360, in _find_and_load
  File "<frozen importlib._bootstrap>", line 1331, in _find_and_load_unlocked
  File "<frozen importlib._bootstrap>", line 935, in _load_unlocked
  File "<frozen importlib._bootstrap_external>", line 999, in exec_module
  File "<frozen importlib._bootstrap>", line 488, in _call_with_frames_removed
  File "/home/jules/.pyenv/versions/3.12.13/lib/python3.12/site-packages/transformers/models/oneformer/image_processing_oneformer.py", line 23, in <module>
    from torchvision.transforms.v2 import functional as tvF
ModuleNotFoundError: No module named 'torchvision'
2026-09-06 23:57:30.693 Examining the path of transformers.models.ovis2.image_processing_ovis2_fast raised:
Traceback (most recent call last):
  File "/home/jules/.pyenv/versions/3.12.13/lib/python3.12/site-packages/streamlit/watcher/local_sources_watcher.py", line 340, in get_module_paths
    potential_paths = extract_paths(module)
                      ^^^^^^^^^^^^^^^^^^^^^
  File "/home/jules/.pyenv/versions/3.12.13/lib/python3.12/site-packages/streamlit/watcher/local_sources_watcher.py", line 327, in <lambda>
    if hasattr(m, "__path__")
       ^^^^^^^^^^^^^^^^^^^^^^
  File "/home/jules/.pyenv/versions/3.12.13/lib/python3.12/site-packages/transformers/__init__.py", line 865, in _getattr
    return getattr(importlib.import_module(target, __name__), name)
                   ^^^^^^^^^^^^^^^^^^^^^^^^^^^^^^^^^^^^^^^^^
  File "/home/jules/.pyenv/versions/3.12.13/lib/python3.12/importlib/__init__.py", line 90, in import_module
    return _bootstrap._gcd_import(name[level:], package, level)
           ^^^^^^^^^^^^^^^^^^^^^^^^^^^^^^^^^^^^^^^^^^^^^^^^^^^^
  File "<frozen importlib._bootstrap>", line 1387, in _gcd_import
  File "<frozen importlib._bootstrap>", line 1360, in _find_and_load
  File "<frozen importlib._bootstrap>", line 1331, in _find_and_load_unlocked
  File "<frozen importlib._bootstrap>", line 935, in _load_unlocked
  File "<frozen importlib._bootstrap_external>", line 999, in exec_module
  File "<frozen importlib._bootstrap>", line 488, in _call_with_frames_removed
  File "/home/jules/.pyenv/versions/3.12.13/lib/python3.12/site-packages/transformers/models/ovis2/image_processing_ovis2.py", line 19, in <module>
    from torchvision.transforms.v2 import functional as tvF
ModuleNotFoundError: No module named 'torchvision'
2026-09-06 23:57:30.711 Examining the path of transformers.models.owlv2.image_processing_owlv2_fast raised:
Traceback (most recent call last):
  File "/home/jules/.pyenv/versions/3.12.13/lib/python3.12/site-packages/streamlit/watcher/local_sources_watcher.py", line 340, in get_module_paths
    potential_paths = extract_paths(module)
                      ^^^^^^^^^^^^^^^^^^^^^
  File "/home/jules/.pyenv/versions/3.12.13/lib/python3.12/site-packages/streamlit/watcher/local_sources_watcher.py", line 327, in <lambda>
    if hasattr(m, "__path__")
       ^^^^^^^^^^^^^^^^^^^^^^
  File "/home/jules/.pyenv/versions/3.12.13/lib/python3.12/site-packages/transformers/__init__.py", line 865, in _getattr
    return getattr(importlib.import_module(target, __name__), name)
                   ^^^^^^^^^^^^^^^^^^^^^^^^^^^^^^^^^^^^^^^^^
  File "/home/jules/.pyenv/versions/3.12.13/lib/python3.12/importlib/__init__.py", line 90, in import_module
    return _bootstrap._gcd_import(name[level:], package, level)
           ^^^^^^^^^^^^^^^^^^^^^^^^^^^^^^^^^^^^^^^^^^^^^^^^^^^^
  File "<frozen importlib._bootstrap>", line 1387, in _gcd_import
  File "<frozen importlib._bootstrap>", line 1360, in _find_and_load
  File "<frozen importlib._bootstrap>", line 1331, in _find_and_load_unlocked
  File "<frozen importlib._bootstrap>", line 935, in _load_unlocked
  File "<frozen importlib._bootstrap_external>", line 999, in exec_module
  File "<frozen importlib._bootstrap>", line 488, in _call_with_frames_removed
  File "/home/jules/.pyenv/versions/3.12.13/lib/python3.12/site-packages/transformers/models/owlv2/image_processing_owlv2.py", line 25, in <module>
    import torchvision.transforms.v2.functional as tvF
ModuleNotFoundError: No module named 'torchvision'
2026-09-06 23:57:30.722 Examining the path of transformers.models.paddleocr_vl.image_processing_paddleocr_vl_fast raised:
Traceback (most recent call last):
  File "/home/jules/.pyenv/versions/3.12.13/lib/python3.12/site-packages/streamlit/watcher/local_sources_watcher.py", line 340, in get_module_paths
    potential_paths = extract_paths(module)
                      ^^^^^^^^^^^^^^^^^^^^^
  File "/home/jules/.pyenv/versions/3.12.13/lib/python3.12/site-packages/streamlit/watcher/local_sources_watcher.py", line 327, in <lambda>
    if hasattr(m, "__path__")
       ^^^^^^^^^^^^^^^^^^^^^^
  File "/home/jules/.pyenv/versions/3.12.13/lib/python3.12/site-packages/transformers/__init__.py", line 865, in _getattr
    return getattr(importlib.import_module(target, __name__), name)
                   ^^^^^^^^^^^^^^^^^^^^^^^^^^^^^^^^^^^^^^^^^
  File "/home/jules/.pyenv/versions/3.12.13/lib/python3.12/importlib/__init__.py", line 90, in import_module
    return _bootstrap._gcd_import(name[level:], package, level)
           ^^^^^^^^^^^^^^^^^^^^^^^^^^^^^^^^^^^^^^^^^^^^^^^^^^^^
  File "<frozen importlib._bootstrap>", line 1387, in _gcd_import
  File "<frozen importlib._bootstrap>", line 1360, in _find_and_load
  File "<frozen importlib._bootstrap>", line 1331, in _find_and_load_unlocked
  File "<frozen importlib._bootstrap>", line 935, in _load_unlocked
  File "<frozen importlib._bootstrap_external>", line 999, in exec_module
  File "<frozen importlib._bootstrap>", line 488, in _call_with_frames_removed
  File "/home/jules/.pyenv/versions/3.12.13/lib/python3.12/site-packages/transformers/models/paddleocr_vl/image_processing_paddleocr_vl.py", line 30, in <module>
    from torchvision.transforms.v2 import functional as tvF
ModuleNotFoundError: No module named 'torchvision'
2026-09-06 23:57:30.737 Examining the path of transformers.models.perceiver.image_processing_perceiver_fast raised:
Traceback (most recent call last):
  File "/home/jules/.pyenv/versions/3.12.13/lib/python3.12/site-packages/streamlit/watcher/local_sources_watcher.py", line 340, in get_module_paths
    potential_paths = extract_paths(module)
                      ^^^^^^^^^^^^^^^^^^^^^
  File "/home/jules/.pyenv/versions/3.12.13/lib/python3.12/site-packages/streamlit/watcher/local_sources_watcher.py", line 327, in <lambda>
    if hasattr(m, "__path__")
       ^^^^^^^^^^^^^^^^^^^^^^
  File "/home/jules/.pyenv/versions/3.12.13/lib/python3.12/site-packages/transformers/__init__.py", line 865, in _getattr
    return getattr(importlib.import_module(target, __name__), name)
                   ^^^^^^^^^^^^^^^^^^^^^^^^^^^^^^^^^^^^^^^^^
  File "/home/jules/.pyenv/versions/3.12.13/lib/python3.12/importlib/__init__.py", line 90, in import_module
    return _bootstrap._gcd_import(name[level:], package, level)
           ^^^^^^^^^^^^^^^^^^^^^^^^^^^^^^^^^^^^^^^^^^^^^^^^^^^^
  File "<frozen importlib._bootstrap>", line 1387, in _gcd_import
  File "<frozen importlib._bootstrap>", line 1360, in _find_and_load
  File "<frozen importlib._bootstrap>", line 1331, in _find_and_load_unlocked
  File "<frozen importlib._bootstrap>", line 935, in _load_unlocked
  File "<frozen importlib._bootstrap_external>", line 999, in exec_module
  File "<frozen importlib._bootstrap>", line 488, in _call_with_frames_removed
  File "/home/jules/.pyenv/versions/3.12.13/lib/python3.12/site-packages/transformers/models/perceiver/image_processing_perceiver.py", line 17, in <module>
    from torchvision.transforms.v2 import functional as tvF
ModuleNotFoundError: No module named 'torchvision'
2026-09-06 23:57:30.741 Examining the path of transformers.models.perception_lm.image_processing_perception_lm_fast raised:
Traceback (most recent call last):
  File "/home/jules/.pyenv/versions/3.12.13/lib/python3.12/site-packages/streamlit/watcher/local_sources_watcher.py", line 340, in get_module_paths
    potential_paths = extract_paths(module)
                      ^^^^^^^^^^^^^^^^^^^^^
  File "/home/jules/.pyenv/versions/3.12.13/lib/python3.12/site-packages/streamlit/watcher/local_sources_watcher.py", line 327, in <lambda>
    if hasattr(m, "__path__")
       ^^^^^^^^^^^^^^^^^^^^^^
  File "/home/jules/.pyenv/versions/3.12.13/lib/python3.12/site-packages/transformers/__init__.py", line 865, in _getattr
    return getattr(importlib.import_module(target, __name__), name)
                   ^^^^^^^^^^^^^^^^^^^^^^^^^^^^^^^^^^^^^^^^^
  File "/home/jules/.pyenv/versions/3.12.13/lib/python3.12/importlib/__init__.py", line 90, in import_module
    return _bootstrap._gcd_import(name[level:], package, level)
           ^^^^^^^^^^^^^^^^^^^^^^^^^^^^^^^^^^^^^^^^^^^^^^^^^^^^
  File "<frozen importlib._bootstrap>", line 1387, in _gcd_import
  File "<frozen importlib._bootstrap>", line 1360, in _find_and_load
  File "<frozen importlib._bootstrap>", line 1331, in _find_and_load_unlocked
  File "<frozen importlib._bootstrap>", line 935, in _load_unlocked
  File "<frozen importlib._bootstrap_external>", line 999, in exec_module
  File "<frozen importlib._bootstrap>", line 488, in _call_with_frames_removed
  File "/home/jules/.pyenv/versions/3.12.13/lib/python3.12/site-packages/transformers/models/perception_lm/image_processing_perception_lm.py", line 19, in <module>
    from torchvision.transforms.v2 import functional as tvF
ModuleNotFoundError: No module named 'torchvision'
2026-09-06 23:57:30.745 Examining the path of transformers.models.phi4_multimodal.image_processing_phi4_multimodal_fast raised:
Traceback (most recent call last):
  File "/home/jules/.pyenv/versions/3.12.13/lib/python3.12/site-packages/streamlit/watcher/local_sources_watcher.py", line 340, in get_module_paths
    potential_paths = extract_paths(module)
                      ^^^^^^^^^^^^^^^^^^^^^
  File "/home/jules/.pyenv/versions/3.12.13/lib/python3.12/site-packages/streamlit/watcher/local_sources_watcher.py", line 327, in <lambda>
    if hasattr(m, "__path__")
       ^^^^^^^^^^^^^^^^^^^^^^
  File "/home/jules/.pyenv/versions/3.12.13/lib/python3.12/site-packages/transformers/__init__.py", line 865, in _getattr
    return getattr(importlib.import_module(target, __name__), name)
                   ^^^^^^^^^^^^^^^^^^^^^^^^^^^^^^^^^^^^^^^^^
  File "/home/jules/.pyenv/versions/3.12.13/lib/python3.12/importlib/__init__.py", line 90, in import_module
    return _bootstrap._gcd_import(name[level:], package, level)
           ^^^^^^^^^^^^^^^^^^^^^^^^^^^^^^^^^^^^^^^^^^^^^^^^^^^^
  File "<frozen importlib._bootstrap>", line 1387, in _gcd_import
  File "<frozen importlib._bootstrap>", line 1360, in _find_and_load
  File "<frozen importlib._bootstrap>", line 1331, in _find_and_load_unlocked
  File "<frozen importlib._bootstrap>", line 935, in _load_unlocked
  File "<frozen importlib._bootstrap_external>", line 999, in exec_module
  File "<frozen importlib._bootstrap>", line 488, in _call_with_frames_removed
  File "/home/jules/.pyenv/versions/3.12.13/lib/python3.12/site-packages/transformers/models/phi4_multimodal/image_processing_phi4_multimodal.py", line 19, in <module>
    from torchvision.transforms.v2 import functional as tvF
ModuleNotFoundError: No module named 'torchvision'
2026-09-06 23:57:30.766 Examining the path of transformers.models.pix2struct.image_processing_pix2struct_fast raised:
Traceback (most recent call last):
  File "/home/jules/.pyenv/versions/3.12.13/lib/python3.12/site-packages/streamlit/watcher/local_sources_watcher.py", line 340, in get_module_paths
    potential_paths = extract_paths(module)
                      ^^^^^^^^^^^^^^^^^^^^^
  File "/home/jules/.pyenv/versions/3.12.13/lib/python3.12/site-packages/streamlit/watcher/local_sources_watcher.py", line 327, in <lambda>
    if hasattr(m, "__path__")
       ^^^^^^^^^^^^^^^^^^^^^^
  File "/home/jules/.pyenv/versions/3.12.13/lib/python3.12/site-packages/transformers/__init__.py", line 865, in _getattr
    return getattr(importlib.import_module(target, __name__), name)
                   ^^^^^^^^^^^^^^^^^^^^^^^^^^^^^^^^^^^^^^^^^
  File "/home/jules/.pyenv/versions/3.12.13/lib/python3.12/importlib/__init__.py", line 90, in import_module
    return _bootstrap._gcd_import(name[level:], package, level)
           ^^^^^^^^^^^^^^^^^^^^^^^^^^^^^^^^^^^^^^^^^^^^^^^^^^^^
  File "<frozen importlib._bootstrap>", line 1387, in _gcd_import
  File "<frozen importlib._bootstrap>", line 1360, in _find_and_load
  File "<frozen importlib._bootstrap>", line 1331, in _find_and_load_unlocked
  File "<frozen importlib._bootstrap>", line 935, in _load_unlocked
  File "<frozen importlib._bootstrap_external>", line 999, in exec_module
  File "<frozen importlib._bootstrap>", line 488, in _call_with_frames_removed
  File "/home/jules/.pyenv/versions/3.12.13/lib/python3.12/site-packages/transformers/models/pix2struct/image_processing_pix2struct.py", line 21, in <module>
    import torchvision.transforms.v2.functional as tvF
ModuleNotFoundError: No module named 'torchvision'
2026-09-06 23:57:30.774 Examining the path of transformers.models.pixtral.image_processing_pixtral_fast raised:
Traceback (most recent call last):
  File "/home/jules/.pyenv/versions/3.12.13/lib/python3.12/site-packages/streamlit/watcher/local_sources_watcher.py", line 340, in get_module_paths
    potential_paths = extract_paths(module)
                      ^^^^^^^^^^^^^^^^^^^^^
  File "/home/jules/.pyenv/versions/3.12.13/lib/python3.12/site-packages/streamlit/watcher/local_sources_watcher.py", line 327, in <lambda>
    if hasattr(m, "__path__")
       ^^^^^^^^^^^^^^^^^^^^^^
  File "/home/jules/.pyenv/versions/3.12.13/lib/python3.12/site-packages/transformers/__init__.py", line 865, in _getattr
    return getattr(importlib.import_module(target, __name__), name)
                   ^^^^^^^^^^^^^^^^^^^^^^^^^^^^^^^^^^^^^^^^^
  File "/home/jules/.pyenv/versions/3.12.13/lib/python3.12/importlib/__init__.py", line 90, in import_module
    return _bootstrap._gcd_import(name[level:], package, level)
           ^^^^^^^^^^^^^^^^^^^^^^^^^^^^^^^^^^^^^^^^^^^^^^^^^^^^
  File "<frozen importlib._bootstrap>", line 1387, in _gcd_import
  File "<frozen importlib._bootstrap>", line 1360, in _find_and_load
  File "<frozen importlib._bootstrap>", line 1331, in _find_and_load_unlocked
  File "<frozen importlib._bootstrap>", line 935, in _load_unlocked
  File "<frozen importlib._bootstrap_external>", line 999, in exec_module
  File "<frozen importlib._bootstrap>", line 488, in _call_with_frames_removed
  File "/home/jules/.pyenv/versions/3.12.13/lib/python3.12/site-packages/transformers/models/pixtral/image_processing_pixtral.py", line 19, in <module>
    from torchvision.transforms.v2 import functional as tvF
ModuleNotFoundError: No module named 'torchvision'
2026-09-06 23:57:30.778 Examining the path of transformers.models.poolformer.image_processing_poolformer_fast raised:
Traceback (most recent call last):
  File "/home/jules/.pyenv/versions/3.12.13/lib/python3.12/site-packages/streamlit/watcher/local_sources_watcher.py", line 340, in get_module_paths
    potential_paths = extract_paths(module)
                      ^^^^^^^^^^^^^^^^^^^^^
  File "/home/jules/.pyenv/versions/3.12.13/lib/python3.12/site-packages/streamlit/watcher/local_sources_watcher.py", line 327, in <lambda>
    if hasattr(m, "__path__")
       ^^^^^^^^^^^^^^^^^^^^^^
  File "/home/jules/.pyenv/versions/3.12.13/lib/python3.12/site-packages/transformers/__init__.py", line 865, in _getattr
    return getattr(importlib.import_module(target, __name__), name)
                   ^^^^^^^^^^^^^^^^^^^^^^^^^^^^^^^^^^^^^^^^^
  File "/home/jules/.pyenv/versions/3.12.13/lib/python3.12/importlib/__init__.py", line 90, in import_module
    return _bootstrap._gcd_import(name[level:], package, level)
           ^^^^^^^^^^^^^^^^^^^^^^^^^^^^^^^^^^^^^^^^^^^^^^^^^^^^
  File "<frozen importlib._bootstrap>", line 1387, in _gcd_import
  File "<frozen importlib._bootstrap>", line 1360, in _find_and_load
  File "<frozen importlib._bootstrap>", line 1331, in _find_and_load_unlocked
  File "<frozen importlib._bootstrap>", line 935, in _load_unlocked
  File "<frozen importlib._bootstrap_external>", line 999, in exec_module
  File "<frozen importlib._bootstrap>", line 488, in _call_with_frames_removed
  File "/home/jules/.pyenv/versions/3.12.13/lib/python3.12/site-packages/transformers/models/poolformer/image_processing_poolformer.py", line 17, in <module>
    from torchvision.transforms.v2 import functional as tvF
ModuleNotFoundError: No module named 'torchvision'
2026-09-06 23:57:30.789 Examining the path of transformers.models.pp_doclayout_v2.image_processing_pp_doclayout_v2_fast raised:
Traceback (most recent call last):
  File "/home/jules/.pyenv/versions/3.12.13/lib/python3.12/site-packages/streamlit/watcher/local_sources_watcher.py", line 340, in get_module_paths
    potential_paths = extract_paths(module)
                      ^^^^^^^^^^^^^^^^^^^^^
  File "/home/jules/.pyenv/versions/3.12.13/lib/python3.12/site-packages/streamlit/watcher/local_sources_watcher.py", line 327, in <lambda>
    if hasattr(m, "__path__")
       ^^^^^^^^^^^^^^^^^^^^^^
  File "/home/jules/.pyenv/versions/3.12.13/lib/python3.12/site-packages/transformers/__init__.py", line 865, in _getattr
    return getattr(importlib.import_module(target, __name__), name)
                   ^^^^^^^^^^^^^^^^^^^^^^^^^^^^^^^^^^^^^^^^^
  File "/home/jules/.pyenv/versions/3.12.13/lib/python3.12/importlib/__init__.py", line 90, in import_module
    return _bootstrap._gcd_import(name[level:], package, level)
           ^^^^^^^^^^^^^^^^^^^^^^^^^^^^^^^^^^^^^^^^^^^^^^^^^^^^
  File "<frozen importlib._bootstrap>", line 1387, in _gcd_import
  File "<frozen importlib._bootstrap>", line 1360, in _find_and_load
  File "<frozen importlib._bootstrap>", line 1331, in _find_and_load_unlocked
  File "<frozen importlib._bootstrap>", line 935, in _load_unlocked
  File "<frozen importlib._bootstrap_external>", line 999, in exec_module
  File "<frozen importlib._bootstrap>", line 488, in _call_with_frames_removed
  File "/home/jules/.pyenv/versions/3.12.13/lib/python3.12/site-packages/transformers/models/pp_doclayout_v2/image_processing_pp_doclayout_v2.py", line 23, in <module>
    from torchvision.transforms.v2 import functional as tvF
ModuleNotFoundError: No module named 'torchvision'
2026-09-06 23:57:30.792 Examining the path of transformers.models.pp_doclayout_v3.image_processing_pp_doclayout_v3_fast raised:
Traceback (most recent call last):
  File "/home/jules/.pyenv/versions/3.12.13/lib/python3.12/site-packages/streamlit/watcher/local_sources_watcher.py", line 340, in get_module_paths
    potential_paths = extract_paths(module)
                      ^^^^^^^^^^^^^^^^^^^^^
  File "/home/jules/.pyenv/versions/3.12.13/lib/python3.12/site-packages/streamlit/watcher/local_sources_watcher.py", line 327, in <lambda>
    if hasattr(m, "__path__")
       ^^^^^^^^^^^^^^^^^^^^^^
  File "/home/jules/.pyenv/versions/3.12.13/lib/python3.12/site-packages/transformers/__init__.py", line 865, in _getattr
    return getattr(importlib.import_module(target, __name__), name)
                   ^^^^^^^^^^^^^^^^^^^^^^^^^^^^^^^^^^^^^^^^^
  File "/home/jules/.pyenv/versions/3.12.13/lib/python3.12/importlib/__init__.py", line 90, in import_module
    return _bootstrap._gcd_import(name[level:], package, level)
           ^^^^^^^^^^^^^^^^^^^^^^^^^^^^^^^^^^^^^^^^^^^^^^^^^^^^
  File "<frozen importlib._bootstrap>", line 1387, in _gcd_import
  File "<frozen importlib._bootstrap>", line 1360, in _find_and_load
  File "<frozen importlib._bootstrap>", line 1331, in _find_and_load_unlocked
  File "<frozen importlib._bootstrap>", line 935, in _load_unlocked
  File "<frozen importlib._bootstrap_external>", line 999, in exec_module
  File "<frozen importlib._bootstrap>", line 488, in _call_with_frames_removed
  File "/home/jules/.pyenv/versions/3.12.13/lib/python3.12/site-packages/transformers/models/pp_doclayout_v3/image_processing_pp_doclayout_v3.py", line 24, in <module>
    from torchvision.transforms.v2 import functional as tvF
ModuleNotFoundError: No module named 'torchvision'
2026-09-06 23:57:30.795 Examining the path of transformers.models.pp_formulanet.image_processing_pp_formulanet_fast raised:
Traceback (most recent call last):
  File "/home/jules/.pyenv/versions/3.12.13/lib/python3.12/site-packages/streamlit/watcher/local_sources_watcher.py", line 340, in get_module_paths
    potential_paths = extract_paths(module)
                      ^^^^^^^^^^^^^^^^^^^^^
  File "/home/jules/.pyenv/versions/3.12.13/lib/python3.12/site-packages/streamlit/watcher/local_sources_watcher.py", line 327, in <lambda>
    if hasattr(m, "__path__")
       ^^^^^^^^^^^^^^^^^^^^^^
  File "/home/jules/.pyenv/versions/3.12.13/lib/python3.12/site-packages/transformers/__init__.py", line 865, in _getattr
    return getattr(importlib.import_module(target, __name__), name)
                   ^^^^^^^^^^^^^^^^^^^^^^^^^^^^^^^^^^^^^^^^^
  File "/home/jules/.pyenv/versions/3.12.13/lib/python3.12/importlib/__init__.py", line 90, in import_module
    return _bootstrap._gcd_import(name[level:], package, level)
           ^^^^^^^^^^^^^^^^^^^^^^^^^^^^^^^^^^^^^^^^^^^^^^^^^^^^
  File "<frozen importlib._bootstrap>", line 1387, in _gcd_import
  File "<frozen importlib._bootstrap>", line 1360, in _find_and_load
  File "<frozen importlib._bootstrap>", line 1331, in _find_and_load_unlocked
  File "<frozen importlib._bootstrap>", line 935, in _load_unlocked
  File "<frozen importlib._bootstrap_external>", line 999, in exec_module
  File "<frozen importlib._bootstrap>", line 488, in _call_with_frames_removed
  File "/home/jules/.pyenv/versions/3.12.13/lib/python3.12/site-packages/transformers/models/pp_formulanet/image_processing_pp_formulanet.py", line 23, in <module>
    from torchvision.transforms.v2 import functional as tvF
ModuleNotFoundError: No module named 'torchvision'
2026-09-06 23:57:30.798 Examining the path of transformers.models.pp_lcnet.image_processing_pp_lcnet_fast raised:
Traceback (most recent call last):
  File "/home/jules/.pyenv/versions/3.12.13/lib/python3.12/site-packages/streamlit/watcher/local_sources_watcher.py", line 340, in get_module_paths
    potential_paths = extract_paths(module)
                      ^^^^^^^^^^^^^^^^^^^^^
  File "/home/jules/.pyenv/versions/3.12.13/lib/python3.12/site-packages/streamlit/watcher/local_sources_watcher.py", line 327, in <lambda>
    if hasattr(m, "__path__")
       ^^^^^^^^^^^^^^^^^^^^^^
  File "/home/jules/.pyenv/versions/3.12.13/lib/python3.12/site-packages/transformers/__init__.py", line 865, in _getattr
    return getattr(importlib.import_module(target, __name__), name)
                   ^^^^^^^^^^^^^^^^^^^^^^^^^^^^^^^^^^^^^^^^^
  File "/home/jules/.pyenv/versions/3.12.13/lib/python3.12/importlib/__init__.py", line 90, in import_module
    return _bootstrap._gcd_import(name[level:], package, level)
           ^^^^^^^^^^^^^^^^^^^^^^^^^^^^^^^^^^^^^^^^^^^^^^^^^^^^
  File "<frozen importlib._bootstrap>", line 1387, in _gcd_import
  File "<frozen importlib._bootstrap>", line 1360, in _find_and_load
  File "<frozen importlib._bootstrap>", line 1331, in _find_and_load_unlocked
  File "<frozen importlib._bootstrap>", line 935, in _load_unlocked
  File "<frozen importlib._bootstrap_external>", line 999, in exec_module
  File "<frozen importlib._bootstrap>", line 488, in _call_with_frames_removed
  File "/home/jules/.pyenv/versions/3.12.13/lib/python3.12/site-packages/transformers/models/pp_lcnet/image_processing_pp_lcnet.py", line 24, in <module>
    import torchvision.transforms.v2.functional as tvF
ModuleNotFoundError: No module named 'torchvision'
2026-09-06 23:57:30.801 Examining the path of transformers.models.pp_ocrv5_server_det.image_processing_pp_ocrv5_server_det_fast raised:
Traceback (most recent call last):
  File "/home/jules/.pyenv/versions/3.12.13/lib/python3.12/site-packages/streamlit/watcher/local_sources_watcher.py", line 340, in get_module_paths
    potential_paths = extract_paths(module)
                      ^^^^^^^^^^^^^^^^^^^^^
  File "/home/jules/.pyenv/versions/3.12.13/lib/python3.12/site-packages/streamlit/watcher/local_sources_watcher.py", line 327, in <lambda>
    if hasattr(m, "__path__")
       ^^^^^^^^^^^^^^^^^^^^^^
  File "/home/jules/.pyenv/versions/3.12.13/lib/python3.12/site-packages/transformers/__init__.py", line 865, in _getattr
    return getattr(importlib.import_module(target, __name__), name)
                   ^^^^^^^^^^^^^^^^^^^^^^^^^^^^^^^^^^^^^^^^^
  File "/home/jules/.pyenv/versions/3.12.13/lib/python3.12/importlib/__init__.py", line 90, in import_module
    return _bootstrap._gcd_import(name[level:], package, level)
           ^^^^^^^^^^^^^^^^^^^^^^^^^^^^^^^^^^^^^^^^^^^^^^^^^^^^
  File "<frozen importlib._bootstrap>", line 1387, in _gcd_import
  File "<frozen importlib._bootstrap>", line 1360, in _find_and_load
  File "<frozen importlib._bootstrap>", line 1331, in _find_and_load_unlocked
  File "<frozen importlib._bootstrap>", line 935, in _load_unlocked
  File "<frozen importlib._bootstrap_external>", line 999, in exec_module
  File "<frozen importlib._bootstrap>", line 488, in _call_with_frames_removed
  File "/home/jules/.pyenv/versions/3.12.13/lib/python3.12/site-packages/transformers/models/pp_ocrv5_server_det/image_processing_pp_ocrv5_server_det.py", line 25, in <module>
    import torchvision.transforms.v2.functional as tvF
ModuleNotFoundError: No module named 'torchvision'
2026-09-06 23:57:30.803 Examining the path of transformers.models.pp_ocrv5_server_rec.image_processing_pp_ocrv5_server_rec_fast raised:
Traceback (most recent call last):
  File "/home/jules/.pyenv/versions/3.12.13/lib/python3.12/site-packages/streamlit/watcher/local_sources_watcher.py", line 340, in get_module_paths
    potential_paths = extract_paths(module)
                      ^^^^^^^^^^^^^^^^^^^^^
  File "/home/jules/.pyenv/versions/3.12.13/lib/python3.12/site-packages/streamlit/watcher/local_sources_watcher.py", line 327, in <lambda>
    if hasattr(m, "__path__")
       ^^^^^^^^^^^^^^^^^^^^^^
  File "/home/jules/.pyenv/versions/3.12.13/lib/python3.12/site-packages/transformers/__init__.py", line 865, in _getattr
    return getattr(importlib.import_module(target, __name__), name)
                   ^^^^^^^^^^^^^^^^^^^^^^^^^^^^^^^^^^^^^^^^^
  File "/home/jules/.pyenv/versions/3.12.13/lib/python3.12/importlib/__init__.py", line 90, in import_module
    return _bootstrap._gcd_import(name[level:], package, level)
           ^^^^^^^^^^^^^^^^^^^^^^^^^^^^^^^^^^^^^^^^^^^^^^^^^^^^
  File "<frozen importlib._bootstrap>", line 1387, in _gcd_import
  File "<frozen importlib._bootstrap>", line 1360, in _find_and_load
  File "<frozen importlib._bootstrap>", line 1331, in _find_and_load_unlocked
  File "<frozen importlib._bootstrap>", line 935, in _load_unlocked
  File "<frozen importlib._bootstrap_external>", line 999, in exec_module
  File "<frozen importlib._bootstrap>", line 488, in _call_with_frames_removed
  File "/home/jules/.pyenv/versions/3.12.13/lib/python3.12/site-packages/transformers/models/pp_ocrv5_server_rec/image_processing_pp_ocrv5_server_rec.py", line 24, in <module>
    import torchvision.transforms.v2.functional as tvF
ModuleNotFoundError: No module named 'torchvision'
2026-09-06 23:57:30.806 Examining the path of transformers.models.pp_ocrv6_small_rec.image_processing_pp_ocrv6_small_rec_fast raised:
Traceback (most recent call last):
  File "/home/jules/.pyenv/versions/3.12.13/lib/python3.12/site-packages/streamlit/watcher/local_sources_watcher.py", line 340, in get_module_paths
    potential_paths = extract_paths(module)
                      ^^^^^^^^^^^^^^^^^^^^^
  File "/home/jules/.pyenv/versions/3.12.13/lib/python3.12/site-packages/streamlit/watcher/local_sources_watcher.py", line 327, in <lambda>
    if hasattr(m, "__path__")
       ^^^^^^^^^^^^^^^^^^^^^^
  File "/home/jules/.pyenv/versions/3.12.13/lib/python3.12/site-packages/transformers/__init__.py", line 865, in _getattr
    return getattr(importlib.import_module(target, __name__), name)
                   ^^^^^^^^^^^^^^^^^^^^^^^^^^^^^^^^^^^^^^^^^
  File "/home/jules/.pyenv/versions/3.12.13/lib/python3.12/importlib/__init__.py", line 90, in import_module
    return _bootstrap._gcd_import(name[level:], package, level)
           ^^^^^^^^^^^^^^^^^^^^^^^^^^^^^^^^^^^^^^^^^^^^^^^^^^^^
  File "<frozen importlib._bootstrap>", line 1387, in _gcd_import
  File "<frozen importlib._bootstrap>", line 1360, in _find_and_load
  File "<frozen importlib._bootstrap>", line 1331, in _find_and_load_unlocked
  File "<frozen importlib._bootstrap>", line 935, in _load_unlocked
  File "<frozen importlib._bootstrap_external>", line 999, in exec_module
  File "<frozen importlib._bootstrap>", line 488, in _call_with_frames_removed
  File "/home/jules/.pyenv/versions/3.12.13/lib/python3.12/site-packages/transformers/models/pp_ocrv6_small_rec/image_processing_pp_ocrv6_small_rec.py", line 24, in <module>
    import torchvision.transforms.v2.functional as tvF
ModuleNotFoundError: No module named 'torchvision'
2026-09-06 23:57:30.815 Examining the path of transformers.models.prompt_depth_anything.image_processing_prompt_depth_anything_fast raised:
Traceback (most recent call last):
  File "/home/jules/.pyenv/versions/3.12.13/lib/python3.12/site-packages/streamlit/watcher/local_sources_watcher.py", line 340, in get_module_paths
    potential_paths = extract_paths(module)
                      ^^^^^^^^^^^^^^^^^^^^^
  File "/home/jules/.pyenv/versions/3.12.13/lib/python3.12/site-packages/streamlit/watcher/local_sources_watcher.py", line 327, in <lambda>
    if hasattr(m, "__path__")
       ^^^^^^^^^^^^^^^^^^^^^^
  File "/home/jules/.pyenv/versions/3.12.13/lib/python3.12/site-packages/transformers/__init__.py", line 865, in _getattr
    return getattr(importlib.import_module(target, __name__), name)
                   ^^^^^^^^^^^^^^^^^^^^^^^^^^^^^^^^^^^^^^^^^
  File "/home/jules/.pyenv/versions/3.12.13/lib/python3.12/importlib/__init__.py", line 90, in import_module
    return _bootstrap._gcd_import(name[level:], package, level)
           ^^^^^^^^^^^^^^^^^^^^^^^^^^^^^^^^^^^^^^^^^^^^^^^^^^^^
  File "<frozen importlib._bootstrap>", line 1387, in _gcd_import
  File "<frozen importlib._bootstrap>", line 1360, in _find_and_load
  File "<frozen importlib._bootstrap>", line 1331, in _find_and_load_unlocked
  File "<frozen importlib._bootstrap>", line 935, in _load_unlocked
  File "<frozen importlib._bootstrap_external>", line 999, in exec_module
  File "<frozen importlib._bootstrap>", line 488, in _call_with_frames_removed
  File "/home/jules/.pyenv/versions/3.12.13/lib/python3.12/site-packages/transformers/models/prompt_depth_anything/image_processing_prompt_depth_anything.py", line 42, in <module>
    from torchvision.transforms.v2 import functional as tvF
ModuleNotFoundError: No module named 'torchvision'
2026-09-06 23:57:30.844 Examining the path of transformers.models.qwen2_vl.image_processing_qwen2_vl_fast raised:
Traceback (most recent call last):
  File "/home/jules/.pyenv/versions/3.12.13/lib/python3.12/site-packages/streamlit/watcher/local_sources_watcher.py", line 340, in get_module_paths
    potential_paths = extract_paths(module)
                      ^^^^^^^^^^^^^^^^^^^^^
  File "/home/jules/.pyenv/versions/3.12.13/lib/python3.12/site-packages/streamlit/watcher/local_sources_watcher.py", line 327, in <lambda>
    if hasattr(m, "__path__")
       ^^^^^^^^^^^^^^^^^^^^^^
  File "/home/jules/.pyenv/versions/3.12.13/lib/python3.12/site-packages/transformers/__init__.py", line 865, in _getattr
    return getattr(importlib.import_module(target, __name__), name)
                   ^^^^^^^^^^^^^^^^^^^^^^^^^^^^^^^^^^^^^^^^^
  File "/home/jules/.pyenv/versions/3.12.13/lib/python3.12/importlib/__init__.py", line 90, in import_module
    return _bootstrap._gcd_import(name[level:], package, level)
           ^^^^^^^^^^^^^^^^^^^^^^^^^^^^^^^^^^^^^^^^^^^^^^^^^^^^
  File "<frozen importlib._bootstrap>", line 1387, in _gcd_import
  File "<frozen importlib._bootstrap>", line 1360, in _find_and_load
  File "<frozen importlib._bootstrap>", line 1331, in _find_and_load_unlocked
  File "<frozen importlib._bootstrap>", line 935, in _load_unlocked
  File "<frozen importlib._bootstrap_external>", line 999, in exec_module
  File "<frozen importlib._bootstrap>", line 488, in _call_with_frames_removed
  File "/home/jules/.pyenv/versions/3.12.13/lib/python3.12/site-packages/transformers/models/qwen2_vl/image_processing_qwen2_vl.py", line 25, in <module>
    from torchvision.transforms.v2 import functional as tvF
ModuleNotFoundError: No module named 'torchvision'
2026-09-06 23:57:30.848 Examining the path of transformers.models.rf_detr.image_processing_rf_detr_fast raised:
Traceback (most recent call last):
  File "/home/jules/.pyenv/versions/3.12.13/lib/python3.12/site-packages/streamlit/watcher/local_sources_watcher.py", line 340, in get_module_paths
    potential_paths = extract_paths(module)
                      ^^^^^^^^^^^^^^^^^^^^^
  File "/home/jules/.pyenv/versions/3.12.13/lib/python3.12/site-packages/streamlit/watcher/local_sources_watcher.py", line 327, in <lambda>
    if hasattr(m, "__path__")
       ^^^^^^^^^^^^^^^^^^^^^^
  File "/home/jules/.pyenv/versions/3.12.13/lib/python3.12/site-packages/transformers/__init__.py", line 865, in _getattr
    return getattr(importlib.import_module(target, __name__), name)
                   ^^^^^^^^^^^^^^^^^^^^^^^^^^^^^^^^^^^^^^^^^
  File "/home/jules/.pyenv/versions/3.12.13/lib/python3.12/importlib/__init__.py", line 90, in import_module
    return _bootstrap._gcd_import(name[level:], package, level)
           ^^^^^^^^^^^^^^^^^^^^^^^^^^^^^^^^^^^^^^^^^^^^^^^^^^^^
  File "<frozen importlib._bootstrap>", line 1387, in _gcd_import
  File "<frozen importlib._bootstrap>", line 1360, in _find_and_load
  File "<frozen importlib._bootstrap>", line 1331, in _find_and_load_unlocked
  File "<frozen importlib._bootstrap>", line 935, in _load_unlocked
  File "<frozen importlib._bootstrap_external>", line 999, in exec_module
  File "<frozen importlib._bootstrap>", line 488, in _call_with_frames_removed
  File "/home/jules/.pyenv/versions/3.12.13/lib/python3.12/site-packages/transformers/models/rf_detr/image_processing_rf_detr.py", line 26, in <module>
    from torchvision.transforms.v2 import functional as tvF
ModuleNotFoundError: No module named 'torchvision'
2026-09-06 23:57:30.863 Examining the path of transformers.models.rt_detr.image_processing_rt_detr_fast raised:
Traceback (most recent call last):
  File "/home/jules/.pyenv/versions/3.12.13/lib/python3.12/site-packages/streamlit/watcher/local_sources_watcher.py", line 340, in get_module_paths
    potential_paths = extract_paths(module)
                      ^^^^^^^^^^^^^^^^^^^^^
  File "/home/jules/.pyenv/versions/3.12.13/lib/python3.12/site-packages/streamlit/watcher/local_sources_watcher.py", line 327, in <lambda>
    if hasattr(m, "__path__")
       ^^^^^^^^^^^^^^^^^^^^^^
  File "/home/jules/.pyenv/versions/3.12.13/lib/python3.12/site-packages/transformers/__init__.py", line 865, in _getattr
    return getattr(importlib.import_module(target, __name__), name)
                   ^^^^^^^^^^^^^^^^^^^^^^^^^^^^^^^^^^^^^^^^^
  File "/home/jules/.pyenv/versions/3.12.13/lib/python3.12/importlib/__init__.py", line 90, in import_module
    return _bootstrap._gcd_import(name[level:], package, level)
           ^^^^^^^^^^^^^^^^^^^^^^^^^^^^^^^^^^^^^^^^^^^^^^^^^^^^
  File "<frozen importlib._bootstrap>", line 1387, in _gcd_import
  File "<frozen importlib._bootstrap>", line 1360, in _find_and_load
  File "<frozen importlib._bootstrap>", line 1331, in _find_and_load_unlocked
  File "<frozen importlib._bootstrap>", line 935, in _load_unlocked
  File "<frozen importlib._bootstrap_external>", line 999, in exec_module
  File "<frozen importlib._bootstrap>", line 488, in _call_with_frames_removed
  File "/home/jules/.pyenv/versions/3.12.13/lib/python3.12/site-packages/transformers/models/rt_detr/image_processing_rt_detr.py", line 24, in <module>
    from torchvision.transforms.v2 import functional as tvF
ModuleNotFoundError: No module named 'torchvision'
2026-09-06 23:57:30.882 Examining the path of transformers.models.sam.image_processing_sam_fast raised:
Traceback (most recent call last):
  File "/home/jules/.pyenv/versions/3.12.13/lib/python3.12/site-packages/streamlit/watcher/local_sources_watcher.py", line 340, in get_module_paths
    potential_paths = extract_paths(module)
                      ^^^^^^^^^^^^^^^^^^^^^
  File "/home/jules/.pyenv/versions/3.12.13/lib/python3.12/site-packages/streamlit/watcher/local_sources_watcher.py", line 327, in <lambda>
    if hasattr(m, "__path__")
       ^^^^^^^^^^^^^^^^^^^^^^
  File "/home/jules/.pyenv/versions/3.12.13/lib/python3.12/site-packages/transformers/__init__.py", line 865, in _getattr
    return getattr(importlib.import_module(target, __name__), name)
                   ^^^^^^^^^^^^^^^^^^^^^^^^^^^^^^^^^^^^^^^^^
  File "/home/jules/.pyenv/versions/3.12.13/lib/python3.12/importlib/__init__.py", line 90, in import_module
    return _bootstrap._gcd_import(name[level:], package, level)
           ^^^^^^^^^^^^^^^^^^^^^^^^^^^^^^^^^^^^^^^^^^^^^^^^^^^^
  File "<frozen importlib._bootstrap>", line 1387, in _gcd_import
  File "<frozen importlib._bootstrap>", line 1360, in _find_and_load
  File "<frozen importlib._bootstrap>", line 1331, in _find_and_load_unlocked
  File "<frozen importlib._bootstrap>", line 935, in _load_unlocked
  File "<frozen importlib._bootstrap_external>", line 999, in exec_module
  File "<frozen importlib._bootstrap>", line 488, in _call_with_frames_removed
  File "/home/jules/.pyenv/versions/3.12.13/lib/python3.12/site-packages/transformers/models/sam/image_processing_sam.py", line 25, in <module>
    from torchvision.ops.boxes import batched_nms
ModuleNotFoundError: No module named 'torchvision'
2026-09-06 23:57:30.887 Examining the path of transformers.models.sam2.image_processing_sam2_fast raised:
Traceback (most recent call last):
  File "/home/jules/.pyenv/versions/3.12.13/lib/python3.12/site-packages/streamlit/watcher/local_sources_watcher.py", line 340, in get_module_paths
    potential_paths = extract_paths(module)
                      ^^^^^^^^^^^^^^^^^^^^^
  File "/home/jules/.pyenv/versions/3.12.13/lib/python3.12/site-packages/streamlit/watcher/local_sources_watcher.py", line 327, in <lambda>
    if hasattr(m, "__path__")
       ^^^^^^^^^^^^^^^^^^^^^^
  File "/home/jules/.pyenv/versions/3.12.13/lib/python3.12/site-packages/transformers/__init__.py", line 865, in _getattr
    return getattr(importlib.import_module(target, __name__), name)
                   ^^^^^^^^^^^^^^^^^^^^^^^^^^^^^^^^^^^^^^^^^
  File "/home/jules/.pyenv/versions/3.12.13/lib/python3.12/importlib/__init__.py", line 90, in import_module
    return _bootstrap._gcd_import(name[level:], package, level)
           ^^^^^^^^^^^^^^^^^^^^^^^^^^^^^^^^^^^^^^^^^^^^^^^^^^^^
  File "<frozen importlib._bootstrap>", line 1387, in _gcd_import
  File "<frozen importlib._bootstrap>", line 1360, in _find_and_load
  File "<frozen importlib._bootstrap>", line 1331, in _find_and_load_unlocked
  File "<frozen importlib._bootstrap>", line 935, in _load_unlocked
  File "<frozen importlib._bootstrap_external>", line 999, in exec_module
  File "<frozen importlib._bootstrap>", line 488, in _call_with_frames_removed
  File "/home/jules/.pyenv/versions/3.12.13/lib/python3.12/site-packages/transformers/models/sam2/image_processing_sam2.py", line 28, in <module>
    from torchvision.ops.boxes import batched_nms
ModuleNotFoundError: No module named 'torchvision'
2026-09-06 23:57:30.893 Examining the path of transformers.models.sam3.image_processing_sam3_fast raised:
Traceback (most recent call last):
  File "/home/jules/.pyenv/versions/3.12.13/lib/python3.12/site-packages/streamlit/watcher/local_sources_watcher.py", line 340, in get_module_paths
    potential_paths = extract_paths(module)
                      ^^^^^^^^^^^^^^^^^^^^^
  File "/home/jules/.pyenv/versions/3.12.13/lib/python3.12/site-packages/streamlit/watcher/local_sources_watcher.py", line 327, in <lambda>
    if hasattr(m, "__path__")
       ^^^^^^^^^^^^^^^^^^^^^^
  File "/home/jules/.pyenv/versions/3.12.13/lib/python3.12/site-packages/transformers/__init__.py", line 865, in _getattr
    return getattr(importlib.import_module(target, __name__), name)
                   ^^^^^^^^^^^^^^^^^^^^^^^^^^^^^^^^^^^^^^^^^
  File "/home/jules/.pyenv/versions/3.12.13/lib/python3.12/importlib/__init__.py", line 90, in import_module
    return _bootstrap._gcd_import(name[level:], package, level)
           ^^^^^^^^^^^^^^^^^^^^^^^^^^^^^^^^^^^^^^^^^^^^^^^^^^^^
  File "<frozen importlib._bootstrap>", line 1387, in _gcd_import
  File "<frozen importlib._bootstrap>", line 1360, in _find_and_load
  File "<frozen importlib._bootstrap>", line 1331, in _find_and_load_unlocked
  File "<frozen importlib._bootstrap>", line 935, in _load_unlocked
  File "<frozen importlib._bootstrap_external>", line 999, in exec_module
  File "<frozen importlib._bootstrap>", line 488, in _call_with_frames_removed
  File "/home/jules/.pyenv/versions/3.12.13/lib/python3.12/site-packages/transformers/models/sam3/image_processing_sam3.py", line 30, in <module>
    from torchvision.ops.boxes import batched_nms
ModuleNotFoundError: No module named 'torchvision'
2026-09-06 23:57:30.897 Examining the path of transformers.models.sapiens2.image_processing_sapiens2_fast raised:
Traceback (most recent call last):
  File "/home/jules/.pyenv/versions/3.12.13/lib/python3.12/site-packages/streamlit/watcher/local_sources_watcher.py", line 340, in get_module_paths
    potential_paths = extract_paths(module)
                      ^^^^^^^^^^^^^^^^^^^^^
  File "/home/jules/.pyenv/versions/3.12.13/lib/python3.12/site-packages/streamlit/watcher/local_sources_watcher.py", line 327, in <lambda>
    if hasattr(m, "__path__")
       ^^^^^^^^^^^^^^^^^^^^^^
  File "/home/jules/.pyenv/versions/3.12.13/lib/python3.12/site-packages/transformers/__init__.py", line 865, in _getattr
    return getattr(importlib.import_module(target, __name__), name)
                   ^^^^^^^^^^^^^^^^^^^^^^^^^^^^^^^^^^^^^^^^^
  File "/home/jules/.pyenv/versions/3.12.13/lib/python3.12/importlib/__init__.py", line 90, in import_module
    return _bootstrap._gcd_import(name[level:], package, level)
           ^^^^^^^^^^^^^^^^^^^^^^^^^^^^^^^^^^^^^^^^^^^^^^^^^^^^
  File "<frozen importlib._bootstrap>", line 1387, in _gcd_import
  File "<frozen importlib._bootstrap>", line 1360, in _find_and_load
  File "<frozen importlib._bootstrap>", line 1331, in _find_and_load_unlocked
  File "<frozen importlib._bootstrap>", line 935, in _load_unlocked
  File "<frozen importlib._bootstrap_external>", line 999, in exec_module
  File "<frozen importlib._bootstrap>", line 488, in _call_with_frames_removed
  File "/home/jules/.pyenv/versions/3.12.13/lib/python3.12/site-packages/transformers/models/sapiens2/image_processing_sapiens2.py", line 23, in <module>
    from torchvision.transforms.v2 import functional as tvF
ModuleNotFoundError: No module named 'torchvision'
2026-09-06 23:57:30.906 Examining the path of transformers.models.segformer.image_processing_segformer_fast raised:
Traceback (most recent call last):
  File "/home/jules/.pyenv/versions/3.12.13/lib/python3.12/site-packages/streamlit/watcher/local_sources_watcher.py", line 340, in get_module_paths
    potential_paths = extract_paths(module)
                      ^^^^^^^^^^^^^^^^^^^^^
  File "/home/jules/.pyenv/versions/3.12.13/lib/python3.12/site-packages/streamlit/watcher/local_sources_watcher.py", line 327, in <lambda>
    if hasattr(m, "__path__")
       ^^^^^^^^^^^^^^^^^^^^^^
  File "/home/jules/.pyenv/versions/3.12.13/lib/python3.12/site-packages/transformers/__init__.py", line 865, in _getattr
    return getattr(importlib.import_module(target, __name__), name)
                   ^^^^^^^^^^^^^^^^^^^^^^^^^^^^^^^^^^^^^^^^^
  File "/home/jules/.pyenv/versions/3.12.13/lib/python3.12/importlib/__init__.py", line 90, in import_module
    return _bootstrap._gcd_import(name[level:], package, level)
           ^^^^^^^^^^^^^^^^^^^^^^^^^^^^^^^^^^^^^^^^^^^^^^^^^^^^
  File "<frozen importlib._bootstrap>", line 1387, in _gcd_import
  File "<frozen importlib._bootstrap>", line 1360, in _find_and_load
  File "<frozen importlib._bootstrap>", line 1331, in _find_and_load_unlocked
  File "<frozen importlib._bootstrap>", line 935, in _load_unlocked
  File "<frozen importlib._bootstrap_external>", line 999, in exec_module
  File "<frozen importlib._bootstrap>", line 488, in _call_with_frames_removed
  File "/home/jules/.pyenv/versions/3.12.13/lib/python3.12/site-packages/transformers/models/segformer/image_processing_segformer.py", line 25, in <module>
    import torchvision.transforms.v2.functional as tvF
ModuleNotFoundError: No module named 'torchvision'
2026-09-06 23:57:30.917 Examining the path of transformers.models.seggpt.image_processing_seggpt_fast raised:
Traceback (most recent call last):
  File "/home/jules/.pyenv/versions/3.12.13/lib/python3.12/site-packages/streamlit/watcher/local_sources_watcher.py", line 340, in get_module_paths
    potential_paths = extract_paths(module)
                      ^^^^^^^^^^^^^^^^^^^^^
  File "/home/jules/.pyenv/versions/3.12.13/lib/python3.12/site-packages/streamlit/watcher/local_sources_watcher.py", line 327, in <lambda>
    if hasattr(m, "__path__")
       ^^^^^^^^^^^^^^^^^^^^^^
  File "/home/jules/.pyenv/versions/3.12.13/lib/python3.12/site-packages/transformers/__init__.py", line 865, in _getattr
    return getattr(importlib.import_module(target, __name__), name)
                   ^^^^^^^^^^^^^^^^^^^^^^^^^^^^^^^^^^^^^^^^^
  File "/home/jules/.pyenv/versions/3.12.13/lib/python3.12/importlib/__init__.py", line 90, in import_module
    return _bootstrap._gcd_import(name[level:], package, level)
           ^^^^^^^^^^^^^^^^^^^^^^^^^^^^^^^^^^^^^^^^^^^^^^^^^^^^
  File "<frozen importlib._bootstrap>", line 1387, in _gcd_import
  File "<frozen importlib._bootstrap>", line 1360, in _find_and_load
  File "<frozen importlib._bootstrap>", line 1331, in _find_and_load_unlocked
  File "<frozen importlib._bootstrap>", line 935, in _load_unlocked
  File "<frozen importlib._bootstrap_external>", line 999, in exec_module
  File "<frozen importlib._bootstrap>", line 488, in _call_with_frames_removed
  File "/home/jules/.pyenv/versions/3.12.13/lib/python3.12/site-packages/transformers/models/seggpt/image_processing_seggpt.py", line 20, in <module>
    from torchvision.transforms.v2 import functional as tvF
ModuleNotFoundError: No module named 'torchvision'
2026-09-06 23:57:30.936 Examining the path of transformers.models.siglip2.image_processing_siglip2_fast raised:
Traceback (most recent call last):
  File "/home/jules/.pyenv/versions/3.12.13/lib/python3.12/site-packages/streamlit/watcher/local_sources_watcher.py", line 340, in get_module_paths
    potential_paths = extract_paths(module)
                      ^^^^^^^^^^^^^^^^^^^^^
  File "/home/jules/.pyenv/versions/3.12.13/lib/python3.12/site-packages/streamlit/watcher/local_sources_watcher.py", line 327, in <lambda>
    if hasattr(m, "__path__")
       ^^^^^^^^^^^^^^^^^^^^^^
  File "/home/jules/.pyenv/versions/3.12.13/lib/python3.12/site-packages/transformers/__init__.py", line 865, in _getattr
    return getattr(importlib.import_module(target, __name__), name)
                   ^^^^^^^^^^^^^^^^^^^^^^^^^^^^^^^^^^^^^^^^^
  File "/home/jules/.pyenv/versions/3.12.13/lib/python3.12/importlib/__init__.py", line 90, in import_module
    return _bootstrap._gcd_import(name[level:], package, level)
           ^^^^^^^^^^^^^^^^^^^^^^^^^^^^^^^^^^^^^^^^^^^^^^^^^^^^
  File "<frozen importlib._bootstrap>", line 1387, in _gcd_import
  File "<frozen importlib._bootstrap>", line 1360, in _find_and_load
  File "<frozen importlib._bootstrap>", line 1331, in _find_and_load_unlocked
  File "<frozen importlib._bootstrap>", line 935, in _load_unlocked
  File "<frozen importlib._bootstrap_external>", line 999, in exec_module
  File "<frozen importlib._bootstrap>", line 488, in _call_with_frames_removed
  File "/home/jules/.pyenv/versions/3.12.13/lib/python3.12/site-packages/transformers/models/siglip2/image_processing_siglip2.py", line 17, in <module>
    from torchvision.transforms.v2 import functional as tvF
ModuleNotFoundError: No module named 'torchvision'
2026-09-06 23:57:30.939 Examining the path of transformers.models.slanext.image_processing_slanext_fast raised:
Traceback (most recent call last):
  File "/home/jules/.pyenv/versions/3.12.13/lib/python3.12/site-packages/streamlit/watcher/local_sources_watcher.py", line 340, in get_module_paths
    potential_paths = extract_paths(module)
                      ^^^^^^^^^^^^^^^^^^^^^
  File "/home/jules/.pyenv/versions/3.12.13/lib/python3.12/site-packages/streamlit/watcher/local_sources_watcher.py", line 327, in <lambda>
    if hasattr(m, "__path__")
       ^^^^^^^^^^^^^^^^^^^^^^
  File "/home/jules/.pyenv/versions/3.12.13/lib/python3.12/site-packages/transformers/__init__.py", line 865, in _getattr
    return getattr(importlib.import_module(target, __name__), name)
                   ^^^^^^^^^^^^^^^^^^^^^^^^^^^^^^^^^^^^^^^^^
  File "/home/jules/.pyenv/versions/3.12.13/lib/python3.12/importlib/__init__.py", line 90, in import_module
    return _bootstrap._gcd_import(name[level:], package, level)
           ^^^^^^^^^^^^^^^^^^^^^^^^^^^^^^^^^^^^^^^^^^^^^^^^^^^^
  File "<frozen importlib._bootstrap>", line 1387, in _gcd_import
  File "<frozen importlib._bootstrap>", line 1360, in _find_and_load
  File "<frozen importlib._bootstrap>", line 1331, in _find_and_load_unlocked
  File "<frozen importlib._bootstrap>", line 935, in _load_unlocked
  File "<frozen importlib._bootstrap_external>", line 999, in exec_module
  File "<frozen importlib._bootstrap>", line 488, in _call_with_frames_removed
  File "/home/jules/.pyenv/versions/3.12.13/lib/python3.12/site-packages/transformers/models/slanext/image_processing_slanext.py", line 23, in <module>
    import torchvision.transforms.v2.functional as tvF
ModuleNotFoundError: No module named 'torchvision'
2026-09-06 23:57:30.951 Examining the path of transformers.models.smolvlm.image_processing_smolvlm_fast raised:
Traceback (most recent call last):
  File "/home/jules/.pyenv/versions/3.12.13/lib/python3.12/site-packages/streamlit/watcher/local_sources_watcher.py", line 340, in get_module_paths
    potential_paths = extract_paths(module)
                      ^^^^^^^^^^^^^^^^^^^^^
  File "/home/jules/.pyenv/versions/3.12.13/lib/python3.12/site-packages/streamlit/watcher/local_sources_watcher.py", line 327, in <lambda>
    if hasattr(m, "__path__")
       ^^^^^^^^^^^^^^^^^^^^^^
  File "/home/jules/.pyenv/versions/3.12.13/lib/python3.12/site-packages/transformers/__init__.py", line 865, in _getattr
    return getattr(importlib.import_module(target, __name__), name)
                   ^^^^^^^^^^^^^^^^^^^^^^^^^^^^^^^^^^^^^^^^^
  File "/home/jules/.pyenv/versions/3.12.13/lib/python3.12/importlib/__init__.py", line 90, in import_module
    return _bootstrap._gcd_import(name[level:], package, level)
           ^^^^^^^^^^^^^^^^^^^^^^^^^^^^^^^^^^^^^^^^^^^^^^^^^^^^
  File "<frozen importlib._bootstrap>", line 1387, in _gcd_import
  File "<frozen importlib._bootstrap>", line 1360, in _find_and_load
  File "<frozen importlib._bootstrap>", line 1331, in _find_and_load_unlocked
  File "<frozen importlib._bootstrap>", line 935, in _load_unlocked
  File "<frozen importlib._bootstrap_external>", line 999, in exec_module
  File "<frozen importlib._bootstrap>", line 488, in _call_with_frames_removed
  File "/home/jules/.pyenv/versions/3.12.13/lib/python3.12/site-packages/transformers/models/smolvlm/image_processing_smolvlm.py", line 27, in <module>
    from torchvision.transforms.v2 import functional as tvF
ModuleNotFoundError: No module named 'torchvision'
2026-09-06 23:57:30.982 Examining the path of transformers.models.superglue.image_processing_superglue_fast raised:
Traceback (most recent call last):
  File "/home/jules/.pyenv/versions/3.12.13/lib/python3.12/site-packages/streamlit/watcher/local_sources_watcher.py", line 340, in get_module_paths
    potential_paths = extract_paths(module)
                      ^^^^^^^^^^^^^^^^^^^^^
  File "/home/jules/.pyenv/versions/3.12.13/lib/python3.12/site-packages/streamlit/watcher/local_sources_watcher.py", line 327, in <lambda>
    if hasattr(m, "__path__")
       ^^^^^^^^^^^^^^^^^^^^^^
  File "/home/jules/.pyenv/versions/3.12.13/lib/python3.12/site-packages/transformers/__init__.py", line 865, in _getattr
    return getattr(importlib.import_module(target, __name__), name)
                   ^^^^^^^^^^^^^^^^^^^^^^^^^^^^^^^^^^^^^^^^^
  File "/home/jules/.pyenv/versions/3.12.13/lib/python3.12/importlib/__init__.py", line 90, in import_module
    return _bootstrap._gcd_import(name[level:], package, level)
           ^^^^^^^^^^^^^^^^^^^^^^^^^^^^^^^^^^^^^^^^^^^^^^^^^^^^
  File "<frozen importlib._bootstrap>", line 1387, in _gcd_import
  File "<frozen importlib._bootstrap>", line 1360, in _find_and_load
  File "<frozen importlib._bootstrap>", line 1331, in _find_and_load_unlocked
  File "<frozen importlib._bootstrap>", line 935, in _load_unlocked
  File "<frozen importlib._bootstrap_external>", line 999, in exec_module
  File "<frozen importlib._bootstrap>", line 488, in _call_with_frames_removed
  File "/home/jules/.pyenv/versions/3.12.13/lib/python3.12/site-packages/transformers/models/superglue/image_processing_superglue.py", line 47, in <module>
    from torchvision.transforms.v2 import functional as tvF
ModuleNotFoundError: No module named 'torchvision'
2026-09-06 23:57:30.985 Examining the path of transformers.models.superpoint.image_processing_superpoint_fast raised:
Traceback (most recent call last):
  File "/home/jules/.pyenv/versions/3.12.13/lib/python3.12/site-packages/streamlit/watcher/local_sources_watcher.py", line 340, in get_module_paths
    potential_paths = extract_paths(module)
                      ^^^^^^^^^^^^^^^^^^^^^
  File "/home/jules/.pyenv/versions/3.12.13/lib/python3.12/site-packages/streamlit/watcher/local_sources_watcher.py", line 327, in <lambda>
    if hasattr(m, "__path__")
       ^^^^^^^^^^^^^^^^^^^^^^
  File "/home/jules/.pyenv/versions/3.12.13/lib/python3.12/site-packages/transformers/__init__.py", line 865, in _getattr
    return getattr(importlib.import_module(target, __name__), name)
                   ^^^^^^^^^^^^^^^^^^^^^^^^^^^^^^^^^^^^^^^^^
  File "/home/jules/.pyenv/versions/3.12.13/lib/python3.12/importlib/__init__.py", line 90, in import_module
    return _bootstrap._gcd_import(name[level:], package, level)
           ^^^^^^^^^^^^^^^^^^^^^^^^^^^^^^^^^^^^^^^^^^^^^^^^^^^^
  File "<frozen importlib._bootstrap>", line 1387, in _gcd_import
  File "<frozen importlib._bootstrap>", line 1360, in _find_and_load
  File "<frozen importlib._bootstrap>", line 1331, in _find_and_load_unlocked
  File "<frozen importlib._bootstrap>", line 935, in _load_unlocked
  File "<frozen importlib._bootstrap_external>", line 999, in exec_module
  File "<frozen importlib._bootstrap>", line 488, in _call_with_frames_removed
  File "/home/jules/.pyenv/versions/3.12.13/lib/python3.12/site-packages/transformers/models/superpoint/image_processing_superpoint.py", line 31, in <module>
    from torchvision.transforms.v2 import functional as tvF
ModuleNotFoundError: No module named 'torchvision'
2026-09-06 23:57:30.995 Examining the path of transformers.models.swin2sr.image_processing_swin2sr_fast raised:
Traceback (most recent call last):
  File "/home/jules/.pyenv/versions/3.12.13/lib/python3.12/site-packages/streamlit/watcher/local_sources_watcher.py", line 340, in get_module_paths
    potential_paths = extract_paths(module)
                      ^^^^^^^^^^^^^^^^^^^^^
  File "/home/jules/.pyenv/versions/3.12.13/lib/python3.12/site-packages/streamlit/watcher/local_sources_watcher.py", line 327, in <lambda>
    if hasattr(m, "__path__")
       ^^^^^^^^^^^^^^^^^^^^^^
  File "/home/jules/.pyenv/versions/3.12.13/lib/python3.12/site-packages/transformers/__init__.py", line 865, in _getattr
    return getattr(importlib.import_module(target, __name__), name)
                   ^^^^^^^^^^^^^^^^^^^^^^^^^^^^^^^^^^^^^^^^^
  File "/home/jules/.pyenv/versions/3.12.13/lib/python3.12/importlib/__init__.py", line 90, in import_module
    return _bootstrap._gcd_import(name[level:], package, level)
           ^^^^^^^^^^^^^^^^^^^^^^^^^^^^^^^^^^^^^^^^^^^^^^^^^^^^
  File "<frozen importlib._bootstrap>", line 1387, in _gcd_import
  File "<frozen importlib._bootstrap>", line 1360, in _find_and_load
  File "<frozen importlib._bootstrap>", line 1331, in _find_and_load_unlocked
  File "<frozen importlib._bootstrap>", line 935, in _load_unlocked
  File "<frozen importlib._bootstrap_external>", line 999, in exec_module
  File "<frozen importlib._bootstrap>", line 488, in _call_with_frames_removed
  File "/home/jules/.pyenv/versions/3.12.13/lib/python3.12/site-packages/transformers/models/swin2sr/image_processing_swin2sr.py", line 17, in <module>
    from torchvision.transforms.v2 import functional as tvF
ModuleNotFoundError: No module named 'torchvision'
2026-09-06 23:57:31.003 Examining the path of transformers.models.textnet.image_processing_textnet_fast raised:
Traceback (most recent call last):
  File "/home/jules/.pyenv/versions/3.12.13/lib/python3.12/site-packages/streamlit/watcher/local_sources_watcher.py", line 340, in get_module_paths
    potential_paths = extract_paths(module)
                      ^^^^^^^^^^^^^^^^^^^^^
  File "/home/jules/.pyenv/versions/3.12.13/lib/python3.12/site-packages/streamlit/watcher/local_sources_watcher.py", line 327, in <lambda>
    if hasattr(m, "__path__")
       ^^^^^^^^^^^^^^^^^^^^^^
  File "/home/jules/.pyenv/versions/3.12.13/lib/python3.12/site-packages/transformers/__init__.py", line 865, in _getattr
    return getattr(importlib.import_module(target, __name__), name)
                   ^^^^^^^^^^^^^^^^^^^^^^^^^^^^^^^^^^^^^^^^^
  File "/home/jules/.pyenv/versions/3.12.13/lib/python3.12/importlib/__init__.py", line 90, in import_module
    return _bootstrap._gcd_import(name[level:], package, level)
           ^^^^^^^^^^^^^^^^^^^^^^^^^^^^^^^^^^^^^^^^^^^^^^^^^^^^
  File "<frozen importlib._bootstrap>", line 1387, in _gcd_import
  File "<frozen importlib._bootstrap>", line 1360, in _find_and_load
  File "<frozen importlib._bootstrap>", line 1331, in _find_and_load_unlocked
  File "<frozen importlib._bootstrap>", line 935, in _load_unlocked
  File "<frozen importlib._bootstrap_external>", line 999, in exec_module
  File "<frozen importlib._bootstrap>", line 488, in _call_with_frames_removed
  File "/home/jules/.pyenv/versions/3.12.13/lib/python3.12/site-packages/transformers/models/textnet/image_processing_textnet.py", line 17, in <module>
    from torchvision.transforms.v2 import functional as tvF
ModuleNotFoundError: No module named 'torchvision'
2026-09-06 23:57:31.024 Examining the path of transformers.models.tvp.image_processing_tvp_fast raised:
Traceback (most recent call last):
  File "/home/jules/.pyenv/versions/3.12.13/lib/python3.12/site-packages/streamlit/watcher/local_sources_watcher.py", line 340, in get_module_paths
    potential_paths = extract_paths(module)
                      ^^^^^^^^^^^^^^^^^^^^^
  File "/home/jules/.pyenv/versions/3.12.13/lib/python3.12/site-packages/streamlit/watcher/local_sources_watcher.py", line 327, in <lambda>
    if hasattr(m, "__path__")
       ^^^^^^^^^^^^^^^^^^^^^^
  File "/home/jules/.pyenv/versions/3.12.13/lib/python3.12/site-packages/transformers/__init__.py", line 865, in _getattr
    return getattr(importlib.import_module(target, __name__), name)
                   ^^^^^^^^^^^^^^^^^^^^^^^^^^^^^^^^^^^^^^^^^
  File "/home/jules/.pyenv/versions/3.12.13/lib/python3.12/importlib/__init__.py", line 90, in import_module
    return _bootstrap._gcd_import(name[level:], package, level)
           ^^^^^^^^^^^^^^^^^^^^^^^^^^^^^^^^^^^^^^^^^^^^^^^^^^^^
  File "<frozen importlib._bootstrap>", line 1387, in _gcd_import
  File "<frozen importlib._bootstrap>", line 1360, in _find_and_load
  File "<frozen importlib._bootstrap>", line 1331, in _find_and_load_unlocked
  File "<frozen importlib._bootstrap>", line 935, in _load_unlocked
  File "<frozen importlib._bootstrap_external>", line 999, in exec_module
  File "<frozen importlib._bootstrap>", line 488, in _call_with_frames_removed
  File "/home/jules/.pyenv/versions/3.12.13/lib/python3.12/site-packages/transformers/models/tvp/image_processing_tvp.py", line 17, in <module>
    from torchvision.transforms.v2 import functional as tvF
ModuleNotFoundError: No module named 'torchvision'
2026-09-06 23:57:31.047 Examining the path of transformers.models.video_llama_3.image_processing_video_llama_3_fast raised:
Traceback (most recent call last):
  File "/home/jules/.pyenv/versions/3.12.13/lib/python3.12/site-packages/streamlit/watcher/local_sources_watcher.py", line 340, in get_module_paths
    potential_paths = extract_paths(module)
                      ^^^^^^^^^^^^^^^^^^^^^
  File "/home/jules/.pyenv/versions/3.12.13/lib/python3.12/site-packages/streamlit/watcher/local_sources_watcher.py", line 327, in <lambda>
    if hasattr(m, "__path__")
       ^^^^^^^^^^^^^^^^^^^^^^
  File "/home/jules/.pyenv/versions/3.12.13/lib/python3.12/site-packages/transformers/__init__.py", line 865, in _getattr
    return getattr(importlib.import_module(target, __name__), name)
                   ^^^^^^^^^^^^^^^^^^^^^^^^^^^^^^^^^^^^^^^^^
  File "/home/jules/.pyenv/versions/3.12.13/lib/python3.12/importlib/__init__.py", line 90, in import_module
    return _bootstrap._gcd_import(name[level:], package, level)
           ^^^^^^^^^^^^^^^^^^^^^^^^^^^^^^^^^^^^^^^^^^^^^^^^^^^^
  File "<frozen importlib._bootstrap>", line 1387, in _gcd_import
  File "<frozen importlib._bootstrap>", line 1360, in _find_and_load
  File "<frozen importlib._bootstrap>", line 1331, in _find_and_load_unlocked
  File "<frozen importlib._bootstrap>", line 935, in _load_unlocked
  File "<frozen importlib._bootstrap_external>", line 999, in exec_module
  File "<frozen importlib._bootstrap>", line 488, in _call_with_frames_removed
  File "/home/jules/.pyenv/versions/3.12.13/lib/python3.12/site-packages/transformers/models/video_llama_3/image_processing_video_llama_3.py", line 24, in <module>
    import torchvision.transforms.v2.functional as tvF
ModuleNotFoundError: No module named 'torchvision'
2026-09-06 23:57:31.059 Examining the path of transformers.models.videomae.image_processing_videomae_fast raised:
Traceback (most recent call last):
  File "/home/jules/.pyenv/versions/3.12.13/lib/python3.12/site-packages/streamlit/watcher/local_sources_watcher.py", line 340, in get_module_paths
    potential_paths = extract_paths(module)
                      ^^^^^^^^^^^^^^^^^^^^^
  File "/home/jules/.pyenv/versions/3.12.13/lib/python3.12/site-packages/streamlit/watcher/local_sources_watcher.py", line 327, in <lambda>
    if hasattr(m, "__path__")
       ^^^^^^^^^^^^^^^^^^^^^^
  File "/home/jules/.pyenv/versions/3.12.13/lib/python3.12/site-packages/transformers/__init__.py", line 865, in _getattr
    return getattr(importlib.import_module(target, __name__), name)
                   ^^^^^^^^^^^^^^^^^^^^^^^^^^^^^^^^^^^^^^^^^
  File "/home/jules/.pyenv/versions/3.12.13/lib/python3.12/importlib/__init__.py", line 90, in import_module
    return _bootstrap._gcd_import(name[level:], package, level)
           ^^^^^^^^^^^^^^^^^^^^^^^^^^^^^^^^^^^^^^^^^^^^^^^^^^^^
  File "<frozen importlib._bootstrap>", line 1387, in _gcd_import
  File "<frozen importlib._bootstrap>", line 1360, in _find_and_load
  File "<frozen importlib._bootstrap>", line 1331, in _find_and_load_unlocked
  File "<frozen importlib._bootstrap>", line 935, in _load_unlocked
  File "<frozen importlib._bootstrap_external>", line 999, in exec_module
  File "<frozen importlib._bootstrap>", line 488, in _call_with_frames_removed
  File "/home/jules/.pyenv/versions/3.12.13/lib/python3.12/site-packages/transformers/models/videomae/image_processing_videomae.py", line 17, in <module>
    from torchvision.transforms.v2 import functional as tvF
ModuleNotFoundError: No module named 'torchvision'
2026-09-06 23:57:31.066 Examining the path of transformers.models.vilt.image_processing_vilt_fast raised:
Traceback (most recent call last):
  File "/home/jules/.pyenv/versions/3.12.13/lib/python3.12/site-packages/streamlit/watcher/local_sources_watcher.py", line 340, in get_module_paths
    potential_paths = extract_paths(module)
                      ^^^^^^^^^^^^^^^^^^^^^
  File "/home/jules/.pyenv/versions/3.12.13/lib/python3.12/site-packages/streamlit/watcher/local_sources_watcher.py", line 327, in <lambda>
    if hasattr(m, "__path__")
       ^^^^^^^^^^^^^^^^^^^^^^
  File "/home/jules/.pyenv/versions/3.12.13/lib/python3.12/site-packages/transformers/__init__.py", line 865, in _getattr
    return getattr(importlib.import_module(target, __name__), name)
                   ^^^^^^^^^^^^^^^^^^^^^^^^^^^^^^^^^^^^^^^^^
  File "/home/jules/.pyenv/versions/3.12.13/lib/python3.12/importlib/__init__.py", line 90, in import_module
    return _bootstrap._gcd_import(name[level:], package, level)
           ^^^^^^^^^^^^^^^^^^^^^^^^^^^^^^^^^^^^^^^^^^^^^^^^^^^^
  File "<frozen importlib._bootstrap>", line 1387, in _gcd_import
  File "<frozen importlib._bootstrap>", line 1360, in _find_and_load
  File "<frozen importlib._bootstrap>", line 1331, in _find_and_load_unlocked
  File "<frozen importlib._bootstrap>", line 935, in _load_unlocked
  File "<frozen importlib._bootstrap_external>", line 999, in exec_module
  File "<frozen importlib._bootstrap>", line 488, in _call_with_frames_removed
  File "/home/jules/.pyenv/versions/3.12.13/lib/python3.12/site-packages/transformers/models/vilt/image_processing_vilt.py", line 17, in <module>
    from torchvision.transforms.v2 import functional as tvF
ModuleNotFoundError: No module named 'torchvision'
2026-09-06 23:57:31.076 Examining the path of transformers.models.vitmatte.image_processing_vitmatte_fast raised:
Traceback (most recent call last):
  File "/home/jules/.pyenv/versions/3.12.13/lib/python3.12/site-packages/streamlit/watcher/local_sources_watcher.py", line 340, in get_module_paths
    potential_paths = extract_paths(module)
                      ^^^^^^^^^^^^^^^^^^^^^
  File "/home/jules/.pyenv/versions/3.12.13/lib/python3.12/site-packages/streamlit/watcher/local_sources_watcher.py", line 327, in <lambda>
    if hasattr(m, "__path__")
       ^^^^^^^^^^^^^^^^^^^^^^
  File "/home/jules/.pyenv/versions/3.12.13/lib/python3.12/site-packages/transformers/__init__.py", line 865, in _getattr
    return getattr(importlib.import_module(target, __name__), name)
                   ^^^^^^^^^^^^^^^^^^^^^^^^^^^^^^^^^^^^^^^^^
  File "/home/jules/.pyenv/versions/3.12.13/lib/python3.12/importlib/__init__.py", line 90, in import_module
    return _bootstrap._gcd_import(name[level:], package, level)
           ^^^^^^^^^^^^^^^^^^^^^^^^^^^^^^^^^^^^^^^^^^^^^^^^^^^^
  File "<frozen importlib._bootstrap>", line 1387, in _gcd_import
  File "<frozen importlib._bootstrap>", line 1360, in _find_and_load
  File "<frozen importlib._bootstrap>", line 1331, in _find_and_load_unlocked
  File "<frozen importlib._bootstrap>", line 935, in _load_unlocked
  File "<frozen importlib._bootstrap_external>", line 999, in exec_module
  File "<frozen importlib._bootstrap>", line 488, in _call_with_frames_removed
  File "/home/jules/.pyenv/versions/3.12.13/lib/python3.12/site-packages/transformers/models/vitmatte/image_processing_vitmatte.py", line 19, in <module>
    from torchvision.transforms.v2 import functional as tvF
ModuleNotFoundError: No module named 'torchvision'
2026-09-06 23:57:31.085 Examining the path of transformers.models.vitpose.image_processing_vitpose_fast raised:
Traceback (most recent call last):
  File "/home/jules/.pyenv/versions/3.12.13/lib/python3.12/site-packages/streamlit/watcher/local_sources_watcher.py", line 340, in get_module_paths
    potential_paths = extract_paths(module)
                      ^^^^^^^^^^^^^^^^^^^^^
  File "/home/jules/.pyenv/versions/3.12.13/lib/python3.12/site-packages/streamlit/watcher/local_sources_watcher.py", line 327, in <lambda>
    if hasattr(m, "__path__")
       ^^^^^^^^^^^^^^^^^^^^^^
  File "/home/jules/.pyenv/versions/3.12.13/lib/python3.12/site-packages/transformers/__init__.py", line 865, in _getattr
    return getattr(importlib.import_module(target, __name__), name)
                   ^^^^^^^^^^^^^^^^^^^^^^^^^^^^^^^^^^^^^^^^^
  File "/home/jules/.pyenv/versions/3.12.13/lib/python3.12/importlib/__init__.py", line 90, in import_module
    return _bootstrap._gcd_import(name[level:], package, level)
           ^^^^^^^^^^^^^^^^^^^^^^^^^^^^^^^^^^^^^^^^^^^^^^^^^^^^
  File "<frozen importlib._bootstrap>", line 1387, in _gcd_import
  File "<frozen importlib._bootstrap>", line 1360, in _find_and_load
  File "<frozen importlib._bootstrap>", line 1331, in _find_and_load_unlocked
  File "<frozen importlib._bootstrap>", line 935, in _load_unlocked
  File "<frozen importlib._bootstrap_external>", line 999, in exec_module
  File "<frozen importlib._bootstrap>", line 488, in _call_with_frames_removed
  File "/home/jules/.pyenv/versions/3.12.13/lib/python3.12/site-packages/transformers/models/vitpose/image_processing_vitpose.py", line 22, in <module>
    from torchvision.transforms.v2 import functional as tvF
ModuleNotFoundError: No module named 'torchvision'
2026-09-06 23:57:31.097 Examining the path of transformers.models.yolos.image_processing_yolos_fast raised:
Traceback (most recent call last):
  File "/home/jules/.pyenv/versions/3.12.13/lib/python3.12/site-packages/streamlit/watcher/local_sources_watcher.py", line 340, in get_module_paths
    potential_paths = extract_paths(module)
                      ^^^^^^^^^^^^^^^^^^^^^
  File "/home/jules/.pyenv/versions/3.12.13/lib/python3.12/site-packages/streamlit/watcher/local_sources_watcher.py", line 327, in <lambda>
    if hasattr(m, "__path__")
       ^^^^^^^^^^^^^^^^^^^^^^
  File "/home/jules/.pyenv/versions/3.12.13/lib/python3.12/site-packages/transformers/__init__.py", line 865, in _getattr
    return getattr(importlib.import_module(target, __name__), name)
                   ^^^^^^^^^^^^^^^^^^^^^^^^^^^^^^^^^^^^^^^^^
  File "/home/jules/.pyenv/versions/3.12.13/lib/python3.12/importlib/__init__.py", line 90, in import_module
    return _bootstrap._gcd_import(name[level:], package, level)
           ^^^^^^^^^^^^^^^^^^^^^^^^^^^^^^^^^^^^^^^^^^^^^^^^^^^^
  File "<frozen importlib._bootstrap>", line 1387, in _gcd_import
  File "<frozen importlib._bootstrap>", line 1360, in _find_and_load
  File "<frozen importlib._bootstrap>", line 1331, in _find_and_load_unlocked
  File "<frozen importlib._bootstrap>", line 935, in _load_unlocked
  File "<frozen importlib._bootstrap_external>", line 999, in exec_module
  File "<frozen importlib._bootstrap>", line 488, in _call_with_frames_removed
  File "/home/jules/.pyenv/versions/3.12.13/lib/python3.12/site-packages/transformers/models/yolos/image_processing_yolos.py", line 12, in <module>
    from torchvision.io import read_image
ModuleNotFoundError: No module named 'torchvision'
2026-09-06 23:57:31.111 Examining the path of transformers.models.zoedepth.image_processing_zoedepth_fast raised:
Traceback (most recent call last):
  File "/home/jules/.pyenv/versions/3.12.13/lib/python3.12/site-packages/streamlit/watcher/local_sources_watcher.py", line 340, in get_module_paths
    potential_paths = extract_paths(module)
                      ^^^^^^^^^^^^^^^^^^^^^
  File "/home/jules/.pyenv/versions/3.12.13/lib/python3.12/site-packages/streamlit/watcher/local_sources_watcher.py", line 327, in <lambda>
    if hasattr(m, "__path__")
       ^^^^^^^^^^^^^^^^^^^^^^
  File "/home/jules/.pyenv/versions/3.12.13/lib/python3.12/site-packages/transformers/__init__.py", line 865, in _getattr
    return getattr(importlib.import_module(target, __name__), name)
                   ^^^^^^^^^^^^^^^^^^^^^^^^^^^^^^^^^^^^^^^^^
  File "/home/jules/.pyenv/versions/3.12.13/lib/python3.12/importlib/__init__.py", line 90, in import_module
    return _bootstrap._gcd_import(name[level:], package, level)
           ^^^^^^^^^^^^^^^^^^^^^^^^^^^^^^^^^^^^^^^^^^^^^^^^^^^^
  File "<frozen importlib._bootstrap>", line 1387, in _gcd_import
  File "<frozen importlib._bootstrap>", line 1360, in _find_and_load
  File "<frozen importlib._bootstrap>", line 1331, in _find_and_load_unlocked
  File "<frozen importlib._bootstrap>", line 935, in _load_unlocked
  File "<frozen importlib._bootstrap_external>", line 999, in exec_module
  File "<frozen importlib._bootstrap>", line 488, in _call_with_frames_removed
  File "/home/jules/.pyenv/versions/3.12.13/lib/python3.12/site-packages/transformers/models/zoedepth/image_processing_zoedepth.py", line 43, in <module>
    from torchvision.transforms.v2 import functional as tvF
ModuleNotFoundError: No module named 'torchvision'
